batch	group	sample	library	fastq1	fastq2
batch_1	InhouseBGI	BPigUga00001	Library1	/maps/projects/seqafrica/scratch/rawfastq/jbod1/seqAfrica/raw/nextomixs2021_aug2/disk1/Elements/68/FP100002593BL_L01_29_1.fq.gz	/maps/projects/seqafrica/scratch/rawfastq/jbod1/seqAfrica/raw/nextomixs2021_aug2/disk1/Elements/68/FP100002593BL_L01_29_2.fq.gz
batch_1	InhouseBGI	BPigUga00002	Library1	/maps/projects/seqafrica/scratch/rawfastq/jbod1/seqAfrica/raw/nextomixs2021_aug2/disk2/Elements1/70/FP100002592BL_L01_37_1.fq.gz	/maps/projects/seqafrica/scratch/rawfastq/jbod1/seqAfrica/raw/nextomixs2021_aug2/disk2/Elements1/70/FP100002592BL_L01_37_2.fq.gz
batch_1	InhouseBGI	BPigUga00003	Library1	/maps/projects/seqafrica/scratch/rawfastq/jbod1/seqAfrica/raw/nextomixs2021_aug2/disk2/Elements1/71/FP100002596BL_L01_2_1.fq.gz	/maps/projects/seqafrica/scratch/rawfastq/jbod1/seqAfrica/raw/nextomixs2021_aug2/disk2/Elements1/71/FP100002596BL_L01_2_2.fq.gz
batch_1	InhouseBGI	BPigUga00004	Library1	/maps/projects/seqafrica/scratch/rawfastq/jbod1/seqAfrica/raw/nextomixs2021_aug2/disk2/Elements1/72/FP100002596BL_L01_1_1.fq.gz	/maps/projects/seqafrica/scratch/rawfastq/jbod1/seqAfrica/raw/nextomixs2021_aug2/disk2/Elements1/72/FP100002596BL_L01_1_2.fq.gz
batch_1	InhouseBGI	BPigUga00005	Library1	/maps/projects/seqafrica/scratch/rawfastq/jbod1/seqAfrica/raw/nextomixs2021_aug2/disk2/Elements1/91/FP100002592BL_L01_35_1.fq.gz	/maps/projects/seqafrica/scratch/rawfastq/jbod1/seqAfrica/raw/nextomixs2021_aug2/disk2/Elements1/91/FP100002592BL_L01_35_2.fq.gz
batch_1	InhouseBGI	CWarUga00044	Library1	/maps/projects/seqafrica/scratch/rawfastq/jbod1/seqAfrica/raw/nextomixs2021_aug2/disk1/Elements/1768/FP100002593BL_L01_125_1.fq.gz	/maps/projects/seqafrica/scratch/rawfastq/jbod1/seqAfrica/raw/nextomixs2021_aug2/disk1/Elements/1768/FP100002593BL_L01_125_2.fq.gz
batch_1	InhouseBGI	CWarUga00045	Library1	/maps/projects/seqafrica/scratch/rawfastq/jbod1/seqAfrica/raw/nextomixs2021_aug2/disk1/Elements/1769/FP100002593BL_L01_123_1.fq.gz	/maps/projects/seqafrica/scratch/rawfastq/jbod1/seqAfrica/raw/nextomixs2021_aug2/disk1/Elements/1769/FP100002593BL_L01_123_2.fq.gz
batch_1	InhouseBGI	CWarUga00046	Library1	/maps/projects/seqafrica/scratch/rawfastq/jbod1/seqAfrica/raw/nextomixs2021_aug2/disk1/Elements/1770/FP100002593BL_L01_28_1.fq.gz	/maps/projects/seqafrica/scratch/rawfastq/jbod1/seqAfrica/raw/nextomixs2021_aug2/disk1/Elements/1770/FP100002593BL_L01_28_2.fq.gz
batch_1	InhouseBGI	CWarUga00047	Library1	/maps/projects/seqafrica/scratch/rawfastq/jbod1/seqAfrica/raw/nextomixs2021_aug2/disk1/Elements/231/FP100002593BL_L01_104_1.fq.gz	/maps/projects/seqafrica/scratch/rawfastq/jbod1/seqAfrica/raw/nextomixs2021_aug2/disk1/Elements/231/FP100002593BL_L01_104_2.fq.gz
batch_1	InhouseBGI	CWarUga00048	Library1	/maps/projects/seqafrica/scratch/rawfastq/jbod1/seqAfrica/raw/nextomixs2021_aug2/disk1/Elements/232/FP100002593BL_L01_117_1.fq.gz	/maps/projects/seqafrica/scratch/rawfastq/jbod1/seqAfrica/raw/nextomixs2021_aug2/disk1/Elements/232/FP100002593BL_L01_117_2.fq.gz
batch_1	InhouseBGI	CWarUga00049	Library1	/maps/projects/seqafrica/scratch/rawfastq/jbod1/seqAfrica/raw/nextomixs2021_aug2/disk2/Elements1/109/FP100002590BL_L01_53_1.fq.gz	/maps/projects/seqafrica/scratch/rawfastq/jbod1/seqAfrica/raw/nextomixs2021_aug2/disk2/Elements1/109/FP100002590BL_L01_53_2.fq.gz
batch_1	InhouseBGI	CWarUga00050	Library1	/maps/projects/seqafrica/scratch/rawfastq/jbod1/seqAfrica/raw/nextomixs2021_aug2/disk2/Elements1/1332/FP100002592BL_L01_39_1.fq.gz	/maps/projects/seqafrica/scratch/rawfastq/jbod1/seqAfrica/raw/nextomixs2021_aug2/disk2/Elements1/1332/FP100002592BL_L01_39_2.fq.gz
batch_1	InhouseBGI	CWarUga00051	Library1	/maps/projects/seqafrica/scratch/rawfastq/jbod1/seqAfrica/raw/nextomixs2021_aug2/disk2/Elements1/1334/FP100002596BL_L01_43_1.fq.gz	/maps/projects/seqafrica/scratch/rawfastq/jbod1/seqAfrica/raw/nextomixs2021_aug2/disk2/Elements1/1334/FP100002596BL_L01_43_2.fq.gz
batch_1	InhouseBGI	CWarUga00052	Library1	/maps/projects/seqafrica/scratch/rawfastq/jbod1/seqAfrica/raw/nextomixs2021_aug2/disk2/Elements1/1335/FP100002592BL_L01_49_1.fq.gz	/maps/projects/seqafrica/scratch/rawfastq/jbod1/seqAfrica/raw/nextomixs2021_aug2/disk2/Elements1/1335/FP100002592BL_L01_49_2.fq.gz
batch_1	InhouseBGI	CWarUga00053	Library1	/maps/projects/seqafrica/scratch/rawfastq/jbod1/seqAfrica/raw/nextomixs2021_aug2/disk2/Elements1/1766/FP100002596BL_L01_41_1.fq.gz	/maps/projects/seqafrica/scratch/rawfastq/jbod1/seqAfrica/raw/nextomixs2021_aug2/disk2/Elements1/1766/FP100002596BL_L01_41_2.fq.gz
batch_1	InhouseBGI	CWarUga00054	Library1	/maps/projects/seqafrica/scratch/rawfastq/jbod1/seqAfrica/raw/nextomixs2021_aug2/disk2/Elements1/225/FP100002592BL_L01_51_1.fq.gz	/maps/projects/seqafrica/scratch/rawfastq/jbod1/seqAfrica/raw/nextomixs2021_aug2/disk2/Elements1/225/FP100002592BL_L01_51_2.fq.gz
batch_1	InhouseBGI	CWarUga00055	Library1	/maps/projects/seqafrica/scratch/rawfastq/jbod1/seqAfrica/raw/nextomixs2021_aug2/disk2/Elements1/227/FP100002596BL_L01_3_1.fq.gz	/maps/projects/seqafrica/scratch/rawfastq/jbod1/seqAfrica/raw/nextomixs2021_aug2/disk2/Elements1/227/FP100002596BL_L01_3_2.fq.gz
batch_1	InhouseBGI	CWarUga00056	Library1	/maps/projects/seqafrica/scratch/rawfastq/jbod1/seqAfrica/raw/nextomixs2021_aug2/disk2/Elements1/229/FP100002592BL_L01_114_1.fq.gz	/maps/projects/seqafrica/scratch/rawfastq/jbod1/seqAfrica/raw/nextomixs2021_aug2/disk2/Elements1/229/FP100002592BL_L01_114_2.fq.gz
batch_1	InhouseBGI	CWarUga00057	Library1	/maps/projects/seqafrica/scratch/rawfastq/jbod1/seqAfrica/raw/nextomixs2021_aug2/disk2/Elements1/230/FP100002592BL_L01_30_1.fq.gz	/maps/projects/seqafrica/scratch/rawfastq/jbod1/seqAfrica/raw/nextomixs2021_aug2/disk2/Elements1/230/FP100002592BL_L01_30_2.fq.gz
batch_1	InhouseBGI	CWarUga00058	Library1	/maps/projects/seqafrica/scratch/rawfastq/jbod1/seqAfrica/raw/nextomixs2021_aug2/disk2/Elements1/409/FP100002585BL_L01_55_1.fq.gz	/maps/projects/seqafrica/scratch/rawfastq/jbod1/seqAfrica/raw/nextomixs2021_aug2/disk2/Elements1/409/FP100002585BL_L01_55_2.fq.gz
batch_1	InhouseBGI	CWarUga00059	Library1	/maps/projects/seqafrica/scratch/rawfastq/jbod1/seqAfrica/raw/nextomixs2021_aug2/disk2/Elements1/410/FP100002596BL_L01_42_1.fq.gz	/maps/projects/seqafrica/scratch/rawfastq/jbod1/seqAfrica/raw/nextomixs2021_aug2/disk2/Elements1/410/FP100002596BL_L01_42_2.fq.gz
batch_1	InhouseBGI	CWarUga00060	Library1	/maps/projects/seqafrica/scratch/rawfastq/jbod1/seqAfrica/raw/nextomixs2021_aug2/disk2/Elements1/440/FP100002585BL_L01_116_1.fq.gz	/maps/projects/seqafrica/scratch/rawfastq/jbod1/seqAfrica/raw/nextomixs2021_aug2/disk2/Elements1/440/FP100002585BL_L01_116_2.fq.gz
batch_1	InhouseBGI	DWarxxx00116	Library1	/maps/projects/seqafrica/scratch/rawfastq/jbod1/seqAfrica/raw/nextomixs2021_aug2/disk1/Elements/2052/FP100002590BL_L01_4_1.fq.gz	/maps/projects/seqafrica/scratch/rawfastq/jbod1/seqAfrica/raw/nextomixs2021_aug2/disk1/Elements/2052/FP100002590BL_L01_4_2.fq.gz
batch_1	InhouseBGI	DWarxxx00117	Library1	/maps/projects/seqafrica/scratch/rawfastq/jbod1/seqAfrica/raw/nextomixs2021_aug2/disk1/Elements/2053/FP100002593BL_L01_103_1.fq.gz	/maps/projects/seqafrica/scratch/rawfastq/jbod1/seqAfrica/raw/nextomixs2021_aug2/disk1/Elements/2053/FP100002593BL_L01_103_2.fq.gz
batch_1	InhouseBGI	DWarxxx00118	Library1	/maps/projects/seqafrica/scratch/rawfastq/jbod1/seqAfrica/raw/nextomixs2021_aug2/disk1/Elements/2056/FP100002593BL_L01_25_1.fq.gz	/maps/projects/seqafrica/scratch/rawfastq/jbod1/seqAfrica/raw/nextomixs2021_aug2/disk1/Elements/2056/FP100002593BL_L01_25_2.fq.gz
batch_1	InhouseBGI	DWarxxx00119	Library1	/maps/projects/seqafrica/scratch/rawfastq/jbod1/seqAfrica/raw/nextomixs2021_aug2/disk1/Elements/2057/FP100002748BR_L01_101_1.fq.gz	/maps/projects/seqafrica/scratch/rawfastq/jbod1/seqAfrica/raw/nextomixs2021_aug2/disk1/Elements/2057/FP100002748BR_L01_101_2.fq.gz
batch_1	InhouseBGI	DWarxxx00120	Library1	/maps/projects/seqafrica/scratch/rawfastq/jbod1/seqAfrica/raw/nextomixs2021_aug2/disk1/Elements/2058/FP100002593BL_L01_128_1.fq.gz	/maps/projects/seqafrica/scratch/rawfastq/jbod1/seqAfrica/raw/nextomixs2021_aug2/disk1/Elements/2058/FP100002593BL_L01_128_2.fq.gz
batch_1	InhouseBGI	DWarxxx00121	Library1	/maps/projects/seqafrica/scratch/rawfastq/jbod1/seqAfrica/raw/nextomixs2021_aug2/disk1/Elements/2060/FP100002590BL_L01_15_1.fq.gz	/maps/projects/seqafrica/scratch/rawfastq/jbod1/seqAfrica/raw/nextomixs2021_aug2/disk1/Elements/2060/FP100002590BL_L01_15_2.fq.gz
batch_1	InhouseBGI	DWarxxx00122	Library1	/maps/projects/seqafrica/scratch/rawfastq/jbod1/seqAfrica/raw/nextomixs2021_aug2/disk1/Elements/2061_1/FP100002593BL_L01_127_1.fq.gz	/maps/projects/seqafrica/scratch/rawfastq/jbod1/seqAfrica/raw/nextomixs2021_aug2/disk1/Elements/2061_1/FP100002593BL_L01_127_2.fq.gz
batch_1	InhouseBGI	DWarxxx00123	Library1	/maps/projects/seqafrica/scratch/rawfastq/jbod1/seqAfrica/raw/nextomixs2021_aug2/disk1/Elements/2061_2/FP100002590BL_L01_100_1.fq.gz	/maps/projects/seqafrica/scratch/rawfastq/jbod1/seqAfrica/raw/nextomixs2021_aug2/disk1/Elements/2061_2/FP100002590BL_L01_100_2.fq.gz
batch_1	InhouseBGI	DWarxxx00124	Library1	/maps/projects/seqafrica/scratch/rawfastq/jbod1/seqAfrica/raw/nextomixs2021_aug2/disk1/Elements/2062/FP100002593BL_L01_122_1.fq.gz	/maps/projects/seqafrica/scratch/rawfastq/jbod1/seqAfrica/raw/nextomixs2021_aug2/disk1/Elements/2062/FP100002593BL_L01_122_2.fq.gz
batch_1	InhouseBGI	DWarxxx00125	Library1	/maps/projects/seqafrica/scratch/rawfastq/jbod1/seqAfrica/raw/nextomixs2021_aug2/disk1/Elements/2063/FP100002590BL_L01_42_1.fq.gz	/maps/projects/seqafrica/scratch/rawfastq/jbod1/seqAfrica/raw/nextomixs2021_aug2/disk1/Elements/2063/FP100002590BL_L01_42_2.fq.gz
batch_1	InhouseBGI	DWarxxx00126	Library1	/maps/projects/seqafrica/scratch/rawfastq/jbod1/seqAfrica/raw/nextomixs2021_aug2/disk1/Elements/2064/FP100002593BL_L01_124_1.fq.gz	/maps/projects/seqafrica/scratch/rawfastq/jbod1/seqAfrica/raw/nextomixs2021_aug2/disk1/Elements/2064/FP100002593BL_L01_124_2.fq.gz
batch_1	InhouseBGI	DWarxxx00127	Library1	/maps/projects/seqafrica/scratch/rawfastq/jbod1/seqAfrica/raw/nextomixs2021_aug2/disk1/Elements/2069_1/FP100002593BL_L01_126_1.fq.gz	/maps/projects/seqafrica/scratch/rawfastq/jbod1/seqAfrica/raw/nextomixs2021_aug2/disk1/Elements/2069_1/FP100002593BL_L01_126_2.fq.gz
batch_1	InhouseBGI	DWarxxx00128	Library1	/maps/projects/seqafrica/scratch/rawfastq/jbod1/seqAfrica/raw/nextomixs2021_aug2/disk1/Elements/2070/FP100002590BL_L01_3_1.fq.gz	/maps/projects/seqafrica/scratch/rawfastq/jbod1/seqAfrica/raw/nextomixs2021_aug2/disk1/Elements/2070/FP100002590BL_L01_3_2.fq.gz
batch_1	InhouseBGI	DWarxxx00129	Library1	/maps/projects/seqafrica/scratch/rawfastq/jbod1/seqAfrica/raw/nextomixs2021_aug2/disk1/Elements/2071/FP100002590BL_L01_43_1.fq.gz	/maps/projects/seqafrica/scratch/rawfastq/jbod1/seqAfrica/raw/nextomixs2021_aug2/disk1/Elements/2071/FP100002590BL_L01_43_2.fq.gz
batch_1	InhouseBGI	DWarxxx00130	Library1	/maps/projects/seqafrica/scratch/rawfastq/jbod1/seqAfrica/raw/nextomixs2021_aug2/disk1/Elements/2073/FP100002590BL_L01_41_1.fq.gz	/maps/projects/seqafrica/scratch/rawfastq/jbod1/seqAfrica/raw/nextomixs2021_aug2/disk1/Elements/2073/FP100002590BL_L01_41_2.fq.gz
batch_1	InhouseBGI	DWarxxx00131	Library1	/maps/projects/seqafrica/scratch/rawfastq/jbod1/seqAfrica/raw/nextomixs2021_aug2/disk2/Elements1/2054/FP100002590BL_L01_116_1.fq.gz	/maps/projects/seqafrica/scratch/rawfastq/jbod1/seqAfrica/raw/nextomixs2021_aug2/disk2/Elements1/2054/FP100002590BL_L01_116_2.fq.gz
batch_1	InhouseBGI	DWarxxx00132	Library1	/maps/projects/seqafrica/scratch/rawfastq/jbod1/seqAfrica/raw/nextomixs2021_aug2/disk2/Elements1/2055/FP100002592BL_L01_50_1.fq.gz	/maps/projects/seqafrica/scratch/rawfastq/jbod1/seqAfrica/raw/nextomixs2021_aug2/disk2/Elements1/2055/FP100002592BL_L01_50_2.fq.gz
batch_1	InhouseBGI	DWarxxx00133	Library1	/maps/projects/seqafrica/scratch/rawfastq/jbod1/seqAfrica/raw/nextomixs2021_aug2/disk2/Elements1/2059/FP100002592BL_L01_33_1.fq.gz	/maps/projects/seqafrica/scratch/rawfastq/jbod1/seqAfrica/raw/nextomixs2021_aug2/disk2/Elements1/2059/FP100002592BL_L01_33_2.fq.gz
batch_1	InhouseBGI	DWarxxx00134	Library1	/maps/projects/seqafrica/scratch/rawfastq/jbod1/seqAfrica/raw/nextomixs2021_aug2/disk2/Elements1/2065/FP100002590BL_L01_52_1.fq.gz	/maps/projects/seqafrica/scratch/rawfastq/jbod1/seqAfrica/raw/nextomixs2021_aug2/disk2/Elements1/2065/FP100002590BL_L01_52_2.fq.gz
batch_1	InhouseBGI	DWarxxx00135	Library1	/maps/projects/seqafrica/scratch/rawfastq/jbod1/seqAfrica/raw/nextomixs2021_aug2/disk2/Elements1/2069_2/FP100002592BL_L01_32_1.fq.gz	/maps/projects/seqafrica/scratch/rawfastq/jbod1/seqAfrica/raw/nextomixs2021_aug2/disk2/Elements1/2069_2/FP100002592BL_L01_32_2.fq.gz
batch_1	InhouseBGI	DWarxxx00136	Library1	/maps/projects/seqafrica/scratch/rawfastq/jbod1/seqAfrica/raw/nextomixs2021_aug2/disk2/Elements1/2072/FP100002592BL_L01_36_1.fq.gz	/maps/projects/seqafrica/scratch/rawfastq/jbod1/seqAfrica/raw/nextomixs2021_aug2/disk2/Elements1/2072/FP100002592BL_L01_36_2.fq.gz
batch_1	InhouseBGI	GForUga00151	Library1	/maps/projects/seqafrica/scratch/rawfastq/jbod1/seqAfrica/raw/nextomixs2021_aug2/disk1/Elements/1875/FP100002593BL_L01_26_1.fq.gz	/maps/projects/seqafrica/scratch/rawfastq/jbod1/seqAfrica/raw/nextomixs2021_aug2/disk1/Elements/1875/FP100002593BL_L01_26_2.fq.gz
batch_1	InhouseBGI	GForUga00152	Library1	/maps/projects/seqafrica/scratch/rawfastq/jbod1/seqAfrica/raw/nextomixs2021_aug2/disk1/Elements/244/FP100002590BL_L01_16_1.fq.gz	/maps/projects/seqafrica/scratch/rawfastq/jbod1/seqAfrica/raw/nextomixs2021_aug2/disk1/Elements/244/FP100002590BL_L01_16_2.fq.gz
batch_1	InhouseBGI	GForUga00153	Library1	/maps/projects/seqafrica/scratch/rawfastq/jbod1/seqAfrica/raw/nextomixs2021_aug2/disk1/Elements/402/FP100002590BL_L01_14_1.fq.gz	/maps/projects/seqafrica/scratch/rawfastq/jbod1/seqAfrica/raw/nextomixs2021_aug2/disk1/Elements/402/FP100002590BL_L01_14_2.fq.gz
batch_1	InhouseBGI	GForUga00154	Library1	/maps/projects/seqafrica/scratch/rawfastq/jbod1/seqAfrica/raw/nextomixs2021_aug2/disk1/Elements/403/FP100002593BL_L01_121_1.fq.gz	/maps/projects/seqafrica/scratch/rawfastq/jbod1/seqAfrica/raw/nextomixs2021_aug2/disk1/Elements/403/FP100002593BL_L01_121_2.fq.gz
batch_1	InhouseBGI	GForUga00155	Library1	/maps/projects/seqafrica/scratch/rawfastq/jbod1/seqAfrica/raw/nextomixs2021_aug2/disk2/Elements1/1756/FP100002592BL_L01_34_1.fq.gz	/maps/projects/seqafrica/scratch/rawfastq/jbod1/seqAfrica/raw/nextomixs2021_aug2/disk2/Elements1/1756/FP100002592BL_L01_34_2.fq.gz
batch_1	InhouseBGI	GForUga00156	Library1	/maps/projects/seqafrica/scratch/rawfastq/jbod1/seqAfrica/raw/nextomixs2021_aug2/disk2/Elements1/235/FP100002585BL_L01_56_1.fq.gz	/maps/projects/seqafrica/scratch/rawfastq/jbod1/seqAfrica/raw/nextomixs2021_aug2/disk2/Elements1/235/FP100002585BL_L01_56_2.fq.gz
batch_1	InhouseBGI	GForUga00157	Library1	/maps/projects/seqafrica/scratch/rawfastq/jbod1/seqAfrica/raw/nextomixs2021_aug2/disk2/Elements1/429/FP100002592BL_L01_38_1.fq.gz	/maps/projects/seqafrica/scratch/rawfastq/jbod1/seqAfrica/raw/nextomixs2021_aug2/disk2/Elements1/429/FP100002592BL_L01_38_2.fq.gz
batch_1	InhouseBGI	RRivDrc00165	Library1	/maps/projects/seqafrica/scratch/rawfastq/jbod1/seqAfrica/raw/nextomixs2021_aug2/disk1/Elements/1865/FP100002593BL_L01_102_1.fq.gz	/maps/projects/seqafrica/scratch/rawfastq/jbod1/seqAfrica/raw/nextomixs2021_aug2/disk1/Elements/1865/FP100002593BL_L01_102_2.fq.gz
batch_1	InhouseBGI	RRivDrc00166	Library1	/maps/projects/seqafrica/scratch/rawfastq/jbod1/seqAfrica/raw/nextomixs2021_aug2/disk2/Elements1/1863/FP100002590BL_L01_55_1.fq.gz	/maps/projects/seqafrica/scratch/rawfastq/jbod1/seqAfrica/raw/nextomixs2021_aug2/disk2/Elements1/1863/FP100002590BL_L01_55_2.fq.gz
batch_1	InhouseBGI	xxxxEth00162	Library1	/maps/projects/seqafrica/scratch/rawfastq/jbod1/seqAfrica/raw/nextomixs2021_aug2/disk2/Elements1/CrypticPig_M404953/FP100002592BL_L01_2_1.fq.gz	/maps/projects/seqafrica/scratch/rawfastq/jbod1/seqAfrica/raw/nextomixs2021_aug2/disk2/Elements1/CrypticPig_M404953/FP100002592BL_L01_2_2.fq.gz
batch_1	InhouseBGI	xxxxEth00163	Library1	/maps/projects/seqafrica/scratch/rawfastq/jbod1/seqAfrica/raw/nextomixs2021_aug2/disk2/Elements1/ID4AFALO_1/FP100002592BL_L01_3_1.fq.gz	/maps/projects/seqafrica/scratch/rawfastq/jbod1/seqAfrica/raw/nextomixs2021_aug2/disk2/Elements1/ID4AFALO_1/FP100002592BL_L01_3_2.fq.gz
batch_1	InhouseBGI	xxxxEth00164	Library1	/maps/projects/seqafrica/scratch/rawfastq/jbod1/seqAfrica/raw/nextomixs2021_aug2/disk2/Elements1/ID4AFALO_2/FP100002592BL_L01_1_1.fq.gz	/maps/projects/seqafrica/scratch/rawfastq/jbod1/seqAfrica/raw/nextomixs2021_aug2/disk2/Elements1/ID4AFALO_2/FP100002592BL_L01_1_2.fq.gz
batch_1	InhouseIllumina	BPigGha00038	Library1	/maps/projects/seqafrica/scratch/rawfastq/steveData/africaFQ2019/University_of_Copenhagen_data/29samples/clean/5104/5104.reads1.fastq.gz	/maps/projects/seqafrica/scratch/rawfastq/steveData/africaFQ2019/University_of_Copenhagen_data/29samples/clean/5104/5104.reads2.fastq.gz
batch_1	InhouseIllumina	BPigMad00006	Library1	/maps/projects/seqafrica/scratch/rawfastq/steveData/africaFQ2019/University_of_Copenhagen_data/162samples/Clean/C1/FCHLLYNDSXX_L3_wHAXPI110804-171_1.fq.gz	/maps/projects/seqafrica/scratch/rawfastq/steveData/africaFQ2019/University_of_Copenhagen_data/162samples/Clean/C1/FCHLLYNDSXX_L3_wHAXPI110804-171_2.fq.gz
batch_1	InhouseIllumina	BPigMad00007	Library1	/maps/projects/seqafrica/scratch/rawfastq/steveData/africaFQ2019/University_of_Copenhagen_data/162samples/Clean/C2/FCHLLYNDSXX_L3_wHAXPI110805-172_1.fq.gz	/maps/projects/seqafrica/scratch/rawfastq/steveData/africaFQ2019/University_of_Copenhagen_data/162samples/Clean/C2/FCHLLYNDSXX_L3_wHAXPI110805-172_2.fq.gz
batch_1	InhouseIllumina	BPigMad00008	Library1	/maps/projects/seqafrica/scratch/rawfastq/steveData/africaFQ2019/University_of_Copenhagen_data/162samples/Clean/C3/FCHLLYNDSXX_L3_wHAXPI110806-8_1.fq.gz	/maps/projects/seqafrica/scratch/rawfastq/steveData/africaFQ2019/University_of_Copenhagen_data/162samples/Clean/C3/FCHLLYNDSXX_L3_wHAXPI110806-8_2.fq.gz
batch_1	InhouseIllumina	BPigMad00009	Library1	/maps/projects/seqafrica/scratch/rawfastq/steveData/africaFQ2019/University_of_Copenhagen_data/162samples/Clean/E5/FCHLLYNDSXX_L3_wHAXPI110809-12_1.fq.gz	/maps/projects/seqafrica/scratch/rawfastq/steveData/africaFQ2019/University_of_Copenhagen_data/162samples/Clean/E5/FCHLLYNDSXX_L3_wHAXPI110809-12_2.fq.gz
batch_1	InhouseIllumina	BPigMad00010	Library1	/maps/projects/seqafrica/scratch/rawfastq/steveData/africaFQ2019/University_of_Copenhagen_data/162samples/Clean/W15/FCHLLYNDSXX_L3_wHAXPI110777-100_1.fq.gz	/maps/projects/seqafrica/scratch/rawfastq/steveData/africaFQ2019/University_of_Copenhagen_data/162samples/Clean/W15/FCHLLYNDSXX_L3_wHAXPI110777-100_2.fq.gz
batch_1	InhouseIllumina	BPigMad00011	Library1	/maps/projects/seqafrica/scratch/rawfastq/steveData/africaFQ2019/University_of_Copenhagen_data/162samples/Clean/W17/FCHLLYNDSXX_L3_wHAXPI110778-101_1.fq.gz	/maps/projects/seqafrica/scratch/rawfastq/steveData/africaFQ2019/University_of_Copenhagen_data/162samples/Clean/W17/FCHLLYNDSXX_L3_wHAXPI110778-101_2.fq.gz
batch_1	InhouseIllumina	BPigMad00012	Library1	/maps/projects/seqafrica/scratch/rawfastq/steveData/africaFQ2019/University_of_Copenhagen_data/162samples/Clean/W20/FCHLLYNDSXX_L3_wHAXPI110779-102_1.fq.gz	/maps/projects/seqafrica/scratch/rawfastq/steveData/africaFQ2019/University_of_Copenhagen_data/162samples/Clean/W20/FCHLLYNDSXX_L3_wHAXPI110779-102_2.fq.gz
batch_1	InhouseIllumina	BPigMad00013	Library1	/maps/projects/seqafrica/scratch/rawfastq/steveData/africaFQ2019/University_of_Copenhagen_data/162samples/Clean/W21/FCHLLYNDSXX_L3_wHAXPI110780-103_1.fq.gz	/maps/projects/seqafrica/scratch/rawfastq/steveData/africaFQ2019/University_of_Copenhagen_data/162samples/Clean/W21/FCHLLYNDSXX_L3_wHAXPI110780-103_2.fq.gz
batch_1	InhouseIllumina	BPigMad00014	Library1	/maps/projects/seqafrica/scratch/rawfastq/steveData/africaFQ2019/University_of_Copenhagen_data/162samples/Clean/W24/FCHLLYNDSXX_L3_wHAXPI110781-108_1.fq.gz	/maps/projects/seqafrica/scratch/rawfastq/steveData/africaFQ2019/University_of_Copenhagen_data/162samples/Clean/W24/FCHLLYNDSXX_L3_wHAXPI110781-108_2.fq.gz
batch_1	InhouseIllumina	BPigMad00015	Library1	/maps/projects/seqafrica/scratch/rawfastq/steveData/africaFQ2019/University_of_Copenhagen_data/162samples/Clean/W25/FCHLLYNDSXX_L3_wHAXPI110782-109_1.fq.gz	/maps/projects/seqafrica/scratch/rawfastq/steveData/africaFQ2019/University_of_Copenhagen_data/162samples/Clean/W25/FCHLLYNDSXX_L3_wHAXPI110782-109_2.fq.gz
batch_1	InhouseIllumina	BPigMad00016	Library1	/maps/projects/seqafrica/scratch/rawfastq/steveData/africaFQ2019/University_of_Copenhagen_data/162samples/Clean/W26/FCHLLYNDSXX_L3_wHAXPI110783-110_1.fq.gz	/maps/projects/seqafrica/scratch/rawfastq/steveData/africaFQ2019/University_of_Copenhagen_data/162samples/Clean/W26/FCHLLYNDSXX_L3_wHAXPI110783-110_2.fq.gz
batch_1	InhouseIllumina	BPigMad00017	Library1	/maps/projects/seqafrica/scratch/rawfastq/steveData/africaFQ2019/University_of_Copenhagen_data/162samples/Clean/W27/FCHLLYNDSXX_L3_wHAXPI110784-112_1.fq.gz	/maps/projects/seqafrica/scratch/rawfastq/steveData/africaFQ2019/University_of_Copenhagen_data/162samples/Clean/W27/FCHLLYNDSXX_L3_wHAXPI110784-112_2.fq.gz
batch_1	InhouseIllumina	BPigMad00018	Library1	/maps/projects/seqafrica/scratch/rawfastq/steveData/africaFQ2019/University_of_Copenhagen_data/162samples/Clean/W40/FCHLLYNDSXX_L3_wHAXPI110785-114_1.fq.gz	/maps/projects/seqafrica/scratch/rawfastq/steveData/africaFQ2019/University_of_Copenhagen_data/162samples/Clean/W40/FCHLLYNDSXX_L3_wHAXPI110785-114_2.fq.gz
batch_1	InhouseIllumina	BPigMad00019	Library1	/maps/projects/seqafrica/scratch/rawfastq/steveData/africaFQ2019/University_of_Copenhagen_data/162samples/Clean/W41/FCHLLYNDSXX_L3_wHAXPI110786-127_1.fq.gz	/maps/projects/seqafrica/scratch/rawfastq/steveData/africaFQ2019/University_of_Copenhagen_data/162samples/Clean/W41/FCHLLYNDSXX_L3_wHAXPI110786-127_2.fq.gz
batch_1	InhouseIllumina	BPigMad00020	Library1	/maps/projects/seqafrica/scratch/rawfastq/steveData/africaFQ2019/University_of_Copenhagen_data/162samples/Clean/W42/FCHLLYNDSXX_L3_wHAXPI110787-129_1.fq.gz	/maps/projects/seqafrica/scratch/rawfastq/steveData/africaFQ2019/University_of_Copenhagen_data/162samples/Clean/W42/FCHLLYNDSXX_L3_wHAXPI110787-129_2.fq.gz
batch_1	InhouseIllumina	BPigMad00021	Library1	/maps/projects/seqafrica/scratch/rawfastq/steveData/africaFQ2019/University_of_Copenhagen_data/162samples/Clean/W44/FCHLLYNDSXX_L3_wHAXPI110788-131_1.fq.gz	/maps/projects/seqafrica/scratch/rawfastq/steveData/africaFQ2019/University_of_Copenhagen_data/162samples/Clean/W44/FCHLLYNDSXX_L3_wHAXPI110788-131_2.fq.gz
batch_1	InhouseIllumina	BPigMad00022	Library1	/maps/projects/seqafrica/scratch/rawfastq/steveData/africaFQ2019/University_of_Copenhagen_data/162samples/Clean/W45/FCHLLYNDSXX_L3_wHAXPI110789-132_1.fq.gz	/maps/projects/seqafrica/scratch/rawfastq/steveData/africaFQ2019/University_of_Copenhagen_data/162samples/Clean/W45/FCHLLYNDSXX_L3_wHAXPI110789-132_2.fq.gz
batch_1	InhouseIllumina	BPigMad00023	Library1	/maps/projects/seqafrica/scratch/rawfastq/steveData/africaFQ2019/University_of_Copenhagen_data/162samples/Clean/W46/FCHLLYNDSXX_L3_wHAXPI110790-133_1.fq.gz	/maps/projects/seqafrica/scratch/rawfastq/steveData/africaFQ2019/University_of_Copenhagen_data/162samples/Clean/W46/FCHLLYNDSXX_L3_wHAXPI110790-133_2.fq.gz
batch_1	InhouseIllumina	BPigMad00024	Library1	/maps/projects/seqafrica/scratch/rawfastq/steveData/africaFQ2019/University_of_Copenhagen_data/162samples/Clean/W47/FCHLLYNDSXX_L3_wHAXPI110791-134_1.fq.gz	/maps/projects/seqafrica/scratch/rawfastq/steveData/africaFQ2019/University_of_Copenhagen_data/162samples/Clean/W47/FCHLLYNDSXX_L3_wHAXPI110791-134_2.fq.gz
batch_1	InhouseIllumina	BPigMad00025	Library1	/maps/projects/seqafrica/scratch/rawfastq/steveData/africaFQ2019/University_of_Copenhagen_data/162samples/Clean/W48/FCHLLYNDSXX_L3_wHAXPI110792-135_1.fq.gz	/maps/projects/seqafrica/scratch/rawfastq/steveData/africaFQ2019/University_of_Copenhagen_data/162samples/Clean/W48/FCHLLYNDSXX_L3_wHAXPI110792-135_2.fq.gz
batch_1	InhouseIllumina	BPigMad00026	Library1	/maps/projects/seqafrica/scratch/rawfastq/steveData/africaFQ2019/University_of_Copenhagen_data/162samples/Clean/W49/FCHLLYNDSXX_L3_wHAXPI110793-137_1.fq.gz	/maps/projects/seqafrica/scratch/rawfastq/steveData/africaFQ2019/University_of_Copenhagen_data/162samples/Clean/W49/FCHLLYNDSXX_L3_wHAXPI110793-137_2.fq.gz
batch_1	InhouseIllumina	BPigMad00027	Library1	/maps/projects/seqafrica/scratch/rawfastq/steveData/africaFQ2019/University_of_Copenhagen_data/162samples/Clean/W50/FCHLLYNDSXX_L3_wHAXPI110794-139_1.fq.gz	/maps/projects/seqafrica/scratch/rawfastq/steveData/africaFQ2019/University_of_Copenhagen_data/162samples/Clean/W50/FCHLLYNDSXX_L3_wHAXPI110794-139_2.fq.gz
batch_1	InhouseIllumina	BPigMad00028	Library1	/maps/projects/seqafrica/scratch/rawfastq/steveData/africaFQ2019/University_of_Copenhagen_data/162samples/Clean/W51/FCHLLYNDSXX_L3_wHAXPI110795-140_1.fq.gz	/maps/projects/seqafrica/scratch/rawfastq/steveData/africaFQ2019/University_of_Copenhagen_data/162samples/Clean/W51/FCHLLYNDSXX_L3_wHAXPI110795-140_2.fq.gz
batch_1	InhouseIllumina	BPigMad00029	Library1	/maps/projects/seqafrica/scratch/rawfastq/steveData/africaFQ2019/University_of_Copenhagen_data/162samples/Clean/W52/FCHLLYNDSXX_L3_wHAXPI110796-141_1.fq.gz	/maps/projects/seqafrica/scratch/rawfastq/steveData/africaFQ2019/University_of_Copenhagen_data/162samples/Clean/W52/FCHLLYNDSXX_L3_wHAXPI110796-141_2.fq.gz
batch_1	InhouseIllumina	BPigMad00030	Library1	/maps/projects/seqafrica/scratch/rawfastq/steveData/africaFQ2019/University_of_Copenhagen_data/162samples/Clean/W53/FCHLLYNDSXX_L3_wHAXPI110797-143_1.fq.gz	/maps/projects/seqafrica/scratch/rawfastq/steveData/africaFQ2019/University_of_Copenhagen_data/162samples/Clean/W53/FCHLLYNDSXX_L3_wHAXPI110797-143_2.fq.gz
batch_1	InhouseIllumina	BPigMad00031	Library1	/maps/projects/seqafrica/scratch/rawfastq/steveData/africaFQ2019/University_of_Copenhagen_data/162samples/Clean/W54/FCHLLYNDSXX_L3_wHAXPI110798-144_1.fq.gz	/maps/projects/seqafrica/scratch/rawfastq/steveData/africaFQ2019/University_of_Copenhagen_data/162samples/Clean/W54/FCHLLYNDSXX_L3_wHAXPI110798-144_2.fq.gz
batch_1	InhouseIllumina	BPigMad00032	Library1	/maps/projects/seqafrica/scratch/rawfastq/steveData/africaFQ2019/University_of_Copenhagen_data/162samples/Clean/W55/FCHLLYNDSXX_L3_wHAXPI110799-148_1.fq.gz	/maps/projects/seqafrica/scratch/rawfastq/steveData/africaFQ2019/University_of_Copenhagen_data/162samples/Clean/W55/FCHLLYNDSXX_L3_wHAXPI110799-148_2.fq.gz
batch_1	InhouseIllumina	BPigMad00033	Library1	/maps/projects/seqafrica/scratch/rawfastq/steveData/africaFQ2019/University_of_Copenhagen_data/162samples/Clean/W57/FCHLLYNDSXX_L3_wHAXPI110800-154_1.fq.gz	/maps/projects/seqafrica/scratch/rawfastq/steveData/africaFQ2019/University_of_Copenhagen_data/162samples/Clean/W57/FCHLLYNDSXX_L3_wHAXPI110800-154_2.fq.gz
batch_1	InhouseIllumina	BPigMad00034	Library1	/maps/projects/seqafrica/scratch/rawfastq/steveData/africaFQ2019/University_of_Copenhagen_data/162samples/Clean/W60/FCHLLYNDSXX_L3_wHAXPI110801-158_1.fq.gz	/maps/projects/seqafrica/scratch/rawfastq/steveData/africaFQ2019/University_of_Copenhagen_data/162samples/Clean/W60/FCHLLYNDSXX_L3_wHAXPI110801-158_2.fq.gz
batch_1	InhouseIllumina	BPigMad00035	Library1	/maps/projects/seqafrica/scratch/rawfastq/steveData/africaFQ2019/University_of_Copenhagen_data/162samples/Clean/W61/FCHLLYNDSXX_L3_wHAXPI110802-165_1.fq.gz	/maps/projects/seqafrica/scratch/rawfastq/steveData/africaFQ2019/University_of_Copenhagen_data/162samples/Clean/W61/FCHLLYNDSXX_L3_wHAXPI110802-165_2.fq.gz
batch_1	InhouseIllumina	BPigMad00036	Library1	/maps/projects/seqafrica/scratch/rawfastq/steveData/africaFQ2019/University_of_Copenhagen_data/162samples/Clean/W62/FCHLLYNDSXX_L3_wHAXPI110803-166_1.fq.gz	/maps/projects/seqafrica/scratch/rawfastq/steveData/africaFQ2019/University_of_Copenhagen_data/162samples/Clean/W62/FCHLLYNDSXX_L3_wHAXPI110803-166_2.fq.gz
batch_1	InhouseIllumina	BPigMad00037	Library1	/maps/projects/seqafrica/scratch/rawfastq/steveData/africaFQ2019/University_of_Copenhagen_data/29samples/clean/W18/W18.reads1.fastq.gz	/maps/projects/seqafrica/scratch/rawfastq/steveData/africaFQ2019/University_of_Copenhagen_data/29samples/clean/W18/W18.reads2.fastq.gz
batch_1	InhouseIllumina	BPigTan00039	Library1	/maps/projects/seqafrica/scratch/rawfastq/steveData/africaFQ2019/University_of_Copenhagen_data/29samples/clean/9012/9012.reads1.fastq.gz	/maps/projects/seqafrica/scratch/rawfastq/steveData/africaFQ2019/University_of_Copenhagen_data/29samples/clean/9012/9012.reads2.fastq.gz
batch_1	InhouseIllumina	BPigTan00040	Library1	/maps/projects/seqafrica/scratch/rawfastq/steveData/africaFQ2019/University_of_Copenhagen_data/79samplse/Clean/3797/FCHLLWKDSXX_L3_wHAXPI110696-20_1.fq.gz	/maps/projects/seqafrica/scratch/rawfastq/steveData/africaFQ2019/University_of_Copenhagen_data/79samplse/Clean/3797/FCHLLWKDSXX_L3_wHAXPI110696-20_2.fq.gz
batch_1	InhouseIllumina	BPigTan00041	Library1	/maps/projects/seqafrica/scratch/rawfastq/steveData/africaFQ2019/University_of_Copenhagen_data/79samplse/Clean/3798/FCHLLWKDSXX_L3_wHAXPI110636-23_1.fq.gz	/maps/projects/seqafrica/scratch/rawfastq/steveData/africaFQ2019/University_of_Copenhagen_data/79samplse/Clean/3798/FCHLLWKDSXX_L3_wHAXPI110636-23_2.fq.gz
batch_1	InhouseIllumina	BPigTan00042	Library1	/maps/projects/seqafrica/scratch/rawfastq/steveData/africaFQ2019/University_of_Copenhagen_data/79samplse/Clean/4458/FCHLLWKDSXX_L3_wHAXPI110672-21_1.fq.gz	/maps/projects/seqafrica/scratch/rawfastq/steveData/africaFQ2019/University_of_Copenhagen_data/79samplse/Clean/4458/FCHLLWKDSXX_L3_wHAXPI110672-21_2.fq.gz
batch_1	InhouseIllumina	BPigTan00043	Library1	/maps/projects/seqafrica/scratch/rawfastq/steveData/africaFQ2019/University_of_Copenhagen_data/79samplse/Clean/5483/FCHLLWKDSXX_L3_wHAXPI110625-24_1.fq.gz	/maps/projects/seqafrica/scratch/rawfastq/steveData/africaFQ2019/University_of_Copenhagen_data/79samplse/Clean/5483/FCHLLWKDSXX_L3_wHAXPI110625-24_2.fq.gz
batch_1	InhouseIllumina	CWarGha00064	Library1	/maps/projects/seqafrica/scratch/rawfastq/steveData/africaFQ2019/University_of_Copenhagen_data/29samples/clean/7155/7155.reads1.fastq.gz	/maps/projects/seqafrica/scratch/rawfastq/steveData/africaFQ2019/University_of_Copenhagen_data/29samples/clean/7155/7155.reads2.fastq.gz
batch_1	InhouseIllumina	CWarGha00089	Library1	/maps/projects/seqafrica/scratch/rawfastq/steveData/africaFQ2019/University_of_Copenhagen_data/79samplse/Clean/6272/FCHLLWKDSXX_L3_wHAXPI110613-40_1.fq.gz	/maps/projects/seqafrica/scratch/rawfastq/steveData/africaFQ2019/University_of_Copenhagen_data/79samplse/Clean/6272/FCHLLWKDSXX_L3_wHAXPI110613-40_2.fq.gz
batch_1	InhouseIllumina	CWarGha00090	Library1	/maps/projects/seqafrica/scratch/rawfastq/steveData/africaFQ2019/University_of_Copenhagen_data/79samplse/Clean/6273/FCHLLWKDSXX_L3_wHAXPI110567-51_1.fq.gz	/maps/projects/seqafrica/scratch/rawfastq/steveData/africaFQ2019/University_of_Copenhagen_data/79samplse/Clean/6273/FCHLLWKDSXX_L3_wHAXPI110567-51_2.fq.gz
batch_1	InhouseIllumina	CWarGha00091	Library1	/maps/projects/seqafrica/scratch/rawfastq/steveData/africaFQ2019/University_of_Copenhagen_data/79samplse/Clean/6274/FCHLLWKDSXX_L3_wHAXPI110588-41_1.fq.gz	/maps/projects/seqafrica/scratch/rawfastq/steveData/africaFQ2019/University_of_Copenhagen_data/79samplse/Clean/6274/FCHLLWKDSXX_L3_wHAXPI110588-41_2.fq.gz
batch_1	InhouseIllumina	CWarGha00092	Library1	/maps/projects/seqafrica/scratch/rawfastq/steveData/africaFQ2019/University_of_Copenhagen_data/79samplse/Clean/6280/FCHLLWKDSXX_L3_wHAXPI110603-52_1.fq.gz	/maps/projects/seqafrica/scratch/rawfastq/steveData/africaFQ2019/University_of_Copenhagen_data/79samplse/Clean/6280/FCHLLWKDSXX_L3_wHAXPI110603-52_2.fq.gz
batch_1	InhouseIllumina	CWarGha00093	Library1	/maps/projects/seqafrica/scratch/rawfastq/steveData/africaFQ2019/University_of_Copenhagen_data/79samplse/Clean/6436/FCHLLWKDSXX_L3_wHAXPI110582-36_1.fq.gz	/maps/projects/seqafrica/scratch/rawfastq/steveData/africaFQ2019/University_of_Copenhagen_data/79samplse/Clean/6436/FCHLLWKDSXX_L3_wHAXPI110582-36_2.fq.gz
batch_1	InhouseIllumina	CWarGha00094	Library1	/maps/projects/seqafrica/scratch/rawfastq/steveData/africaFQ2019/University_of_Copenhagen_data/79samplse/Clean/7144/FCHLLWKDSXX_L3_wHAXPI110596-54_1.fq.gz	/maps/projects/seqafrica/scratch/rawfastq/steveData/africaFQ2019/University_of_Copenhagen_data/79samplse/Clean/7144/FCHLLWKDSXX_L3_wHAXPI110596-54_2.fq.gz
batch_1	InhouseIllumina	CWarGha00095	Library1	/maps/projects/seqafrica/scratch/rawfastq/steveData/africaFQ2019/University_of_Copenhagen_data/79samplse/Clean/7146/FCHLLWKDSXX_L3_wHAXPI110715-53_1.fq.gz	/maps/projects/seqafrica/scratch/rawfastq/steveData/africaFQ2019/University_of_Copenhagen_data/79samplse/Clean/7146/FCHLLWKDSXX_L3_wHAXPI110715-53_2.fq.gz
batch_1	InhouseIllumina	CWarGha00096	Library1	/maps/projects/seqafrica/scratch/rawfastq/steveData/africaFQ2019/University_of_Copenhagen_data/79samplse/Clean/7147/FCHLLWKDSXX_L3_wHAXPI110707-30_1.fq.gz	/maps/projects/seqafrica/scratch/rawfastq/steveData/africaFQ2019/University_of_Copenhagen_data/79samplse/Clean/7147/FCHLLWKDSXX_L3_wHAXPI110707-30_2.fq.gz
batch_1	InhouseIllumina	CWarGha00097	Library1	/maps/projects/seqafrica/scratch/rawfastq/steveData/africaFQ2019/University_of_Copenhagen_data/79samplse/Clean/7151/FCHLLWKDSXX_L3_wHAXPI110703-33_1.fq.gz	/maps/projects/seqafrica/scratch/rawfastq/steveData/africaFQ2019/University_of_Copenhagen_data/79samplse/Clean/7151/FCHLLWKDSXX_L3_wHAXPI110703-33_2.fq.gz
batch_1	InhouseIllumina	CWarGha00098	Library1	/maps/projects/seqafrica/scratch/rawfastq/steveData/africaFQ2019/University_of_Copenhagen_data/79samplse/Clean/7152/FCHLLWKDSXX_L3_wHAXPI110691-34_1.fq.gz	/maps/projects/seqafrica/scratch/rawfastq/steveData/africaFQ2019/University_of_Copenhagen_data/79samplse/Clean/7152/FCHLLWKDSXX_L3_wHAXPI110691-34_2.fq.gz
batch_1	InhouseIllumina	CWarGha00099	Library1	/maps/projects/seqafrica/scratch/rawfastq/steveData/africaFQ2019/University_of_Copenhagen_data/79samplse/Clean/7156/FCHLLWKDSXX_L3_wHAXPI110695-45_1.fq.gz	/maps/projects/seqafrica/scratch/rawfastq/steveData/africaFQ2019/University_of_Copenhagen_data/79samplse/Clean/7156/FCHLLWKDSXX_L3_wHAXPI110695-45_2.fq.gz
batch_1	InhouseIllumina	CWarGha00100	Library1	/maps/projects/seqafrica/scratch/rawfastq/steveData/africaFQ2019/University_of_Copenhagen_data/79samplse/Clean/7160/FCHLLWKDSXX_L3_wHAXPI110635-56_1.fq.gz	/maps/projects/seqafrica/scratch/rawfastq/steveData/africaFQ2019/University_of_Copenhagen_data/79samplse/Clean/7160/FCHLLWKDSXX_L3_wHAXPI110635-56_2.fq.gz
batch_1	InhouseIllumina	CWarGha00101	Library1	/maps/projects/seqafrica/scratch/rawfastq/steveData/africaFQ2019/University_of_Copenhagen_data/79samplse/Clean/7161/FCHLLWKDSXX_L3_wHAXPI110665-57_1.fq.gz	/maps/projects/seqafrica/scratch/rawfastq/steveData/africaFQ2019/University_of_Copenhagen_data/79samplse/Clean/7161/FCHLLWKDSXX_L3_wHAXPI110665-57_2.fq.gz
batch_1	InhouseIllumina	CWarGha00102	Library1	/maps/projects/seqafrica/scratch/rawfastq/steveData/africaFQ2019/University_of_Copenhagen_data/79samplse/Clean/7162/FCHLLWKDSXX_L3_wHAXPI110633-58_1.fq.gz	/maps/projects/seqafrica/scratch/rawfastq/steveData/africaFQ2019/University_of_Copenhagen_data/79samplse/Clean/7162/FCHLLWKDSXX_L3_wHAXPI110633-58_2.fq.gz
batch_1	InhouseIllumina	CWarGha00103	Library1	/maps/projects/seqafrica/scratch/rawfastq/steveData/africaFQ2019/University_of_Copenhagen_data/79samplse/Clean/7163/FCHLLWKDSXX_L3_wHAXPI110668-46_1.fq.gz	/maps/projects/seqafrica/scratch/rawfastq/steveData/africaFQ2019/University_of_Copenhagen_data/79samplse/Clean/7163/FCHLLWKDSXX_L3_wHAXPI110668-46_2.fq.gz
batch_1	InhouseIllumina	CWarKen00066	Library1	/maps/projects/seqafrica/scratch/rawfastq/steveData/africaFQ2019/University_of_Copenhagen_data/29samples/clean/8922/8922.reads1.fastq.gz	/maps/projects/seqafrica/scratch/rawfastq/steveData/africaFQ2019/University_of_Copenhagen_data/29samples/clean/8922/8922.reads2.fastq.gz
batch_1	InhouseIllumina	CWarKen00105	Library1	/maps/projects/seqafrica/scratch/rawfastq/steveData/africaFQ2019/University_of_Copenhagen_data/79samplse/Clean/8622/FCHLLWKDSXX_L3_wHAXPI110595-63_1.fq.gz	/maps/projects/seqafrica/scratch/rawfastq/steveData/africaFQ2019/University_of_Copenhagen_data/79samplse/Clean/8622/FCHLLWKDSXX_L3_wHAXPI110595-63_2.fq.gz
batch_1	InhouseIllumina	CWarKen00106	Library1	/maps/projects/seqafrica/scratch/rawfastq/steveData/africaFQ2019/University_of_Copenhagen_data/79samplse/Clean/8623/FCHLLWKDSXX_L3_wHAXPI110682-66_1.fq.gz	/maps/projects/seqafrica/scratch/rawfastq/steveData/africaFQ2019/University_of_Copenhagen_data/79samplse/Clean/8623/FCHLLWKDSXX_L3_wHAXPI110682-66_2.fq.gz
batch_1	InhouseIllumina	CWarKen00108	Library1	/maps/projects/seqafrica/scratch/rawfastq/steveData/africaFQ2019/University_of_Copenhagen_data/79samplse/Clean/8928/FCHLLWKDSXX_L3_wHAXPI110718-74_1.fq.gz	/maps/projects/seqafrica/scratch/rawfastq/steveData/africaFQ2019/University_of_Copenhagen_data/79samplse/Clean/8928/FCHLLWKDSXX_L3_wHAXPI110718-74_2.fq.gz
batch_1	InhouseIllumina	CWarKen00109	Library1	/maps/projects/seqafrica/scratch/rawfastq/steveData/africaFQ2019/University_of_Copenhagen_data/79samplse/Clean/8929/FCHLLWKDSXX_L3_wHAXPI110622-62_1.fq.gz	/maps/projects/seqafrica/scratch/rawfastq/steveData/africaFQ2019/University_of_Copenhagen_data/79samplse/Clean/8929/FCHLLWKDSXX_L3_wHAXPI110622-62_2.fq.gz
batch_1	InhouseIllumina	CWarKen00110	Library1	/maps/projects/seqafrica/scratch/rawfastq/steveData/africaFQ2019/University_of_Copenhagen_data/79samplse/Clean/8931/FCHLLWKDSXX_L3_wHAXPI110689-73_1.fq.gz	/maps/projects/seqafrica/scratch/rawfastq/steveData/africaFQ2019/University_of_Copenhagen_data/79samplse/Clean/8931/FCHLLWKDSXX_L3_wHAXPI110689-73_2.fq.gz
batch_1	InhouseIllumina	CWarKen00111	Library1	/maps/projects/seqafrica/scratch/rawfastq/steveData/africaFQ2019/University_of_Copenhagen_data/79samplse/Clean/8932/FCHLLWKDSXX_L3_wHAXPI110677-61_1.fq.gz	/maps/projects/seqafrica/scratch/rawfastq/steveData/africaFQ2019/University_of_Copenhagen_data/79samplse/Clean/8932/FCHLLWKDSXX_L3_wHAXPI110677-61_2.fq.gz
batch_1	InhouseIllumina	CWarKen00112	Library1	/maps/projects/seqafrica/scratch/rawfastq/steveData/africaFQ2019/University_of_Copenhagen_data/79samplse/Clean/8943/FCHLLWKDSXX_L3_wHAXPI110655-68_1.fq.gz	/maps/projects/seqafrica/scratch/rawfastq/steveData/africaFQ2019/University_of_Copenhagen_data/79samplse/Clean/8943/FCHLLWKDSXX_L3_wHAXPI110655-68_2.fq.gz
batch_1	InhouseIllumina	CWarKen00113	Library1	/maps/projects/seqafrica/scratch/rawfastq/steveData/africaFQ2019/University_of_Copenhagen_data/79samplse/Clean/8950/FCHLLWKDSXX_L3_wHAXPI110612-70_1.fq.gz	/maps/projects/seqafrica/scratch/rawfastq/steveData/africaFQ2019/University_of_Copenhagen_data/79samplse/Clean/8950/FCHLLWKDSXX_L3_wHAXPI110612-70_2.fq.gz
batch_1	InhouseIllumina	CWarKen00114	Library1	/maps/projects/seqafrica/scratch/rawfastq/steveData/africaFQ2019/University_of_Copenhagen_data/79samplse/Clean/9124/FCHLLWKDSXX_L3_wHAXPI110623-60_1.fq.gz	/maps/projects/seqafrica/scratch/rawfastq/steveData/africaFQ2019/University_of_Copenhagen_data/79samplse/Clean/9124/FCHLLWKDSXX_L3_wHAXPI110623-60_2.fq.gz
batch_1	InhouseIllumina	CWarNam00062	Library1	/maps/projects/seqafrica/scratch/rawfastq/steveData/africaFQ2019/University_of_Copenhagen_data/29samples/clean/2418/2418.reads1.fastq.gz	/maps/projects/seqafrica/scratch/rawfastq/steveData/africaFQ2019/University_of_Copenhagen_data/29samples/clean/2418/2418.reads2.fastq.gz
batch_1	InhouseIllumina	CWarNam00067	Library1	/maps/projects/seqafrica/scratch/rawfastq/steveData/africaFQ2019/University_of_Copenhagen_data/79samplse/Clean/1002/FCHLLFVDSXX_L4_wHAXPI110643-78_1.fq.gz	/maps/projects/seqafrica/scratch/rawfastq/steveData/africaFQ2019/University_of_Copenhagen_data/79samplse/Clean/1002/FCHLLFVDSXX_L4_wHAXPI110643-78_2.fq.gz
batch_1	InhouseIllumina	CWarNam00068	Library1	/maps/projects/seqafrica/scratch/rawfastq/steveData/africaFQ2019/University_of_Copenhagen_data/79samplse/Clean/1105/FCHLLWKDSXX_L3_wHAXPI110674-75_1.fq.gz	/maps/projects/seqafrica/scratch/rawfastq/steveData/africaFQ2019/University_of_Copenhagen_data/79samplse/Clean/1105/FCHLLWKDSXX_L3_wHAXPI110674-75_2.fq.gz
batch_1	InhouseIllumina	CWarNam00069	Library1	/maps/projects/seqafrica/scratch/rawfastq/steveData/africaFQ2019/University_of_Copenhagen_data/79samplse/Clean/1130/FCHLLWKDSXX_L3_wHAXPI110671-80_1.fq.gz	/maps/projects/seqafrica/scratch/rawfastq/steveData/africaFQ2019/University_of_Copenhagen_data/79samplse/Clean/1130/FCHLLWKDSXX_L3_wHAXPI110671-80_2.fq.gz
batch_1	InhouseIllumina	CWarNam00074	Library1	/maps/projects/seqafrica/scratch/rawfastq/steveData/africaFQ2019/University_of_Copenhagen_data/79samplse/Clean/2660/FCHLLWKDSXX_L2_wHAXPI110720-81_1.fq.gz	/maps/projects/seqafrica/scratch/rawfastq/steveData/africaFQ2019/University_of_Copenhagen_data/79samplse/Clean/2660/FCHLLWKDSXX_L2_wHAXPI110720-81_2.fq.gz
batch_1	InhouseIllumina	CWarNam00104	Library1	/maps/projects/seqafrica/scratch/rawfastq/steveData/africaFQ2019/University_of_Copenhagen_data/79samplse/Clean/7966/FCHLLWKDSXX_L3_wHAXPI110619-76_1.fq.gz	/maps/projects/seqafrica/scratch/rawfastq/steveData/africaFQ2019/University_of_Copenhagen_data/79samplse/Clean/7966/FCHLLWKDSXX_L3_wHAXPI110619-76_2.fq.gz
batch_1	InhouseIllumina	CWarNam00115	Library1	/maps/projects/seqafrica/scratch/rawfastq/steveData/africaFQ2019/University_of_Copenhagen_data/79samplse/Clean/931/FCHLLFVDSXX_L4_wHAXPI110660-77_1.fq.gz	/maps/projects/seqafrica/scratch/rawfastq/steveData/africaFQ2019/University_of_Copenhagen_data/79samplse/Clean/931/FCHLLFVDSXX_L4_wHAXPI110660-77_2.fq.gz
batch_1	InhouseIllumina	CWarTan00065	Library1	/maps/projects/seqafrica/scratch/rawfastq/steveData/africaFQ2019/University_of_Copenhagen_data/29samples/clean/8627/8627.reads1.fastq.gz	/maps/projects/seqafrica/scratch/rawfastq/steveData/africaFQ2019/University_of_Copenhagen_data/29samples/clean/8627/8627.reads2.fastq.gz
batch_1	InhouseIllumina	CWarTan00075	Library1	/maps/projects/seqafrica/scratch/rawfastq/steveData/africaFQ2019/University_of_Copenhagen_data/79samplse/Clean/3223/FCHLLWKDSXX_L2_wHAXPI110714-82_1.fq.gz	/maps/projects/seqafrica/scratch/rawfastq/steveData/africaFQ2019/University_of_Copenhagen_data/79samplse/Clean/3223/FCHLLWKDSXX_L2_wHAXPI110714-82_2.fq.gz
batch_1	InhouseIllumina	CWarTan00076	Library1	/maps/projects/seqafrica/scratch/rawfastq/steveData/africaFQ2019/University_of_Copenhagen_data/79samplse/Clean/3224/FCHLLWKDSXX_L2_wHAXPI110579-83_1.fq.gz	/maps/projects/seqafrica/scratch/rawfastq/steveData/africaFQ2019/University_of_Copenhagen_data/79samplse/Clean/3224/FCHLLWKDSXX_L2_wHAXPI110579-83_2.fq.gz
batch_1	InhouseIllumina	CWarTan00077	Library1	/maps/projects/seqafrica/scratch/rawfastq/steveData/africaFQ2019/University_of_Copenhagen_data/79samplse/Clean/3809/FCHLLWKDSXX_L2_wHAXPI110719-96_1.fq.gz	/maps/projects/seqafrica/scratch/rawfastq/steveData/africaFQ2019/University_of_Copenhagen_data/79samplse/Clean/3809/FCHLLWKDSXX_L2_wHAXPI110719-96_2.fq.gz
batch_1	InhouseIllumina	CWarTan00078	Library1	/maps/projects/seqafrica/scratch/rawfastq/steveData/africaFQ2019/University_of_Copenhagen_data/79samplse/Clean/4466/FCHLLWKDSXX_L2_wHAXPI110722-95_1.fq.gz	/maps/projects/seqafrica/scratch/rawfastq/steveData/africaFQ2019/University_of_Copenhagen_data/79samplse/Clean/4466/FCHLLWKDSXX_L2_wHAXPI110722-95_2.fq.gz
batch_1	InhouseIllumina	CWarTan00079	Library1	/maps/projects/seqafrica/scratch/rawfastq/steveData/africaFQ2019/University_of_Copenhagen_data/79samplse/Clean/5221/FCHLLWKDSXX_L2_wHAXPI110608-84_1.fq.gz	/maps/projects/seqafrica/scratch/rawfastq/steveData/africaFQ2019/University_of_Copenhagen_data/79samplse/Clean/5221/FCHLLWKDSXX_L2_wHAXPI110608-84_2.fq.gz
batch_1	InhouseIllumina	CWarTan00080	Library1	/maps/projects/seqafrica/scratch/rawfastq/steveData/africaFQ2019/University_of_Copenhagen_data/79samplse/Clean/5222/FCHLLWKDSXX_L2_wHAXPI110681-85_1.fq.gz	/maps/projects/seqafrica/scratch/rawfastq/steveData/africaFQ2019/University_of_Copenhagen_data/79samplse/Clean/5222/FCHLLWKDSXX_L2_wHAXPI110681-85_2.fq.gz
batch_1	InhouseIllumina	CWarTan00081	Library1	/maps/projects/seqafrica/scratch/rawfastq/steveData/africaFQ2019/University_of_Copenhagen_data/79samplse/Clean/5706/FCHLLWKDSXX_L2_wHAXPI110631-88_1.fq.gz	/maps/projects/seqafrica/scratch/rawfastq/steveData/africaFQ2019/University_of_Copenhagen_data/79samplse/Clean/5706/FCHLLWKDSXX_L2_wHAXPI110631-88_2.fq.gz
batch_1	InhouseIllumina	CWarTan00082	Library1	/maps/projects/seqafrica/scratch/rawfastq/steveData/africaFQ2019/University_of_Copenhagen_data/79samplse/Clean/5707/FCHLLWKDSXX_L2_wHAXPI110641-89_1.fq.gz	/maps/projects/seqafrica/scratch/rawfastq/steveData/africaFQ2019/University_of_Copenhagen_data/79samplse/Clean/5707/FCHLLWKDSXX_L2_wHAXPI110641-89_2.fq.gz
batch_1	InhouseIllumina	CWarTan00083	Library1	/maps/projects/seqafrica/scratch/rawfastq/steveData/africaFQ2019/University_of_Copenhagen_data/79samplse/Clean/5708/FCHLLWKDSXX_L2_wHAXPI110694-90_1.fq.gz	/maps/projects/seqafrica/scratch/rawfastq/steveData/africaFQ2019/University_of_Copenhagen_data/79samplse/Clean/5708/FCHLLWKDSXX_L2_wHAXPI110694-90_2.fq.gz
batch_1	InhouseIllumina	CWarTan00084	Library1	/maps/projects/seqafrica/scratch/rawfastq/steveData/africaFQ2019/University_of_Copenhagen_data/79samplse/Clean/5709/FCHLLWKDSXX_L2_wHAXPI110673-92_1.fq.gz	/maps/projects/seqafrica/scratch/rawfastq/steveData/africaFQ2019/University_of_Copenhagen_data/79samplse/Clean/5709/FCHLLWKDSXX_L2_wHAXPI110673-92_2.fq.gz
batch_1	InhouseIllumina	CWarTan00085	Library1	/maps/projects/seqafrica/scratch/rawfastq/steveData/africaFQ2019/University_of_Copenhagen_data/79samplse/Clean/5710/FCHLLWKDSXX_L2_wHAXPI110712-93_1.fq.gz	/maps/projects/seqafrica/scratch/rawfastq/steveData/africaFQ2019/University_of_Copenhagen_data/79samplse/Clean/5710/FCHLLWKDSXX_L2_wHAXPI110712-93_2.fq.gz
batch_1	InhouseIllumina	CWarTan00107	Library1	/maps/projects/seqafrica/scratch/rawfastq/steveData/africaFQ2019/University_of_Copenhagen_data/79samplse/Clean/8628/FCHLLWKDSXX_L2_wHAXPI110561-94_1.fq.gz	/maps/projects/seqafrica/scratch/rawfastq/steveData/africaFQ2019/University_of_Copenhagen_data/79samplse/Clean/8628/FCHLLWKDSXX_L2_wHAXPI110561-94_2.fq.gz
batch_1	InhouseIllumina	CWarZam00063	Library1	/maps/projects/seqafrica/scratch/rawfastq/steveData/africaFQ2019/University_of_Copenhagen_data/29samples/clean/2541/2541.reads1.fastq.gz	/maps/projects/seqafrica/scratch/rawfastq/steveData/africaFQ2019/University_of_Copenhagen_data/29samples/clean/2541/2541.reads2.fastq.gz
batch_1	InhouseIllumina	CWarZim00061	Library1	/maps/projects/seqafrica/scratch/rawfastq/steveData/africaFQ2019/University_of_Copenhagen_data/29samples/clean/1257/1257.reads1.fastq.gz	/maps/projects/seqafrica/scratch/rawfastq/steveData/africaFQ2019/University_of_Copenhagen_data/29samples/clean/1257/1257.reads2.fastq.gz
batch_1	InhouseIllumina	CWarZim00070	Library1	/maps/projects/seqafrica/scratch/rawfastq/steveData/africaFQ2019/University_of_Copenhagen_data/79samplse/Clean/1259/FCHLLWKDSXX_L2_wHAXPI110667-103_1.fq.gz	/maps/projects/seqafrica/scratch/rawfastq/steveData/africaFQ2019/University_of_Copenhagen_data/79samplse/Clean/1259/FCHLLWKDSXX_L2_wHAXPI110667-103_2.fq.gz
batch_1	InhouseIllumina	CWarZim00071	Library1	/maps/projects/seqafrica/scratch/rawfastq/steveData/africaFQ2019/University_of_Copenhagen_data/79samplse/Clean/1261/FCHLLWKDSXX_L2_wHAXPI110577-108_1.fq.gz	/maps/projects/seqafrica/scratch/rawfastq/steveData/africaFQ2019/University_of_Copenhagen_data/79samplse/Clean/1261/FCHLLWKDSXX_L2_wHAXPI110577-108_2.fq.gz
batch_1	InhouseIllumina	CWarZim00072	Library1	/maps/projects/seqafrica/scratch/rawfastq/steveData/africaFQ2019/University_of_Copenhagen_data/79samplse/Clean/1262/FCHLLWKDSXX_L2_wHAXPI110664-109_1.fq.gz	/maps/projects/seqafrica/scratch/rawfastq/steveData/africaFQ2019/University_of_Copenhagen_data/79samplse/Clean/1262/FCHLLWKDSXX_L2_wHAXPI110664-109_2.fq.gz
batch_1	InhouseIllumina	CWarZim00073	Library1	/maps/projects/seqafrica/scratch/rawfastq/steveData/africaFQ2019/University_of_Copenhagen_data/79samplse/Clean/1264/FCHLLWKDSXX_L2_wHAXPI110618-110_1.fq.gz	/maps/projects/seqafrica/scratch/rawfastq/steveData/africaFQ2019/University_of_Copenhagen_data/79samplse/Clean/1264/FCHLLWKDSXX_L2_wHAXPI110618-110_2.fq.gz
batch_1	InhouseIllumina	CWarZim00086	Library1	/maps/projects/seqafrica/scratch/rawfastq/steveData/africaFQ2019/University_of_Copenhagen_data/79samplse/Clean/579/FCHLLWKDSXX_L2_wHAXPI110640-100_1.fq.gz	/maps/projects/seqafrica/scratch/rawfastq/steveData/africaFQ2019/University_of_Copenhagen_data/79samplse/Clean/579/FCHLLWKDSXX_L2_wHAXPI110640-100_2.fq.gz
batch_1	InhouseIllumina	CWarZim00087	Library1	/maps/projects/seqafrica/scratch/rawfastq/steveData/africaFQ2019/University_of_Copenhagen_data/79samplse/Clean/580/FCHLLWKDSXX_L2_wHAXPI110693-101_1.fq.gz	/maps/projects/seqafrica/scratch/rawfastq/steveData/africaFQ2019/University_of_Copenhagen_data/79samplse/Clean/580/FCHLLWKDSXX_L2_wHAXPI110693-101_2.fq.gz
batch_1	InhouseIllumina	CWarZim00088	Library1	/maps/projects/seqafrica/scratch/rawfastq/steveData/africaFQ2019/University_of_Copenhagen_data/79samplse/Clean/581/FCHLLWKDSXX_L2_wHAXPI110578-102_1.fq.gz	/maps/projects/seqafrica/scratch/rawfastq/steveData/africaFQ2019/University_of_Copenhagen_data/79samplse/Clean/581/FCHLLWKDSXX_L2_wHAXPI110578-102_2.fq.gz
batch_1	InhouseIllumina	DPigNig00138	Library1	/maps/projects/seqafrica/scratch/rawfastq/steveData/africaFQ2020/1001/1_RawData/1001_PE400_R1.fq.gz	/maps/projects/seqafrica/scratch/rawfastq/steveData/africaFQ2020/1001/1_RawData/1001_PE400_R2.fq.gz
batch_1	InhouseIllumina	DPigNig00139	Library1	/maps/projects/seqafrica/scratch/rawfastq/steveData/africaFQ2020/1002/1_RawData/1002_PE400_R1.fq.gz	/maps/projects/seqafrica/scratch/rawfastq/steveData/africaFQ2020/1002/1_RawData/1002_PE400_R2.fq.gz
batch_1	InhouseIllumina	DPigNig00140	Library1	/maps/projects/seqafrica/scratch/rawfastq/steveData/africaFQ2020/1003/1_RawData/1003_PE400_R1.fq.gz	/maps/projects/seqafrica/scratch/rawfastq/steveData/africaFQ2020/1003/1_RawData/1003_PE400_R2.fq.gz
batch_1	InhouseIllumina	DPigNig00141	Library1	/maps/projects/seqafrica/scratch/rawfastq/steveData/africaFQ2020/1005/1_RawData/1005_PE400_R1.fq.gz	/maps/projects/seqafrica/scratch/rawfastq/steveData/africaFQ2020/1005/1_RawData/1005_PE400_R2.fq.gz
batch_1	InhouseIllumina	DPigNig00142	Library1	/maps/projects/seqafrica/scratch/rawfastq/steveData/africaFQ2020/1007/1_RawData/1007_PE400_R1.fq.gz	/maps/projects/seqafrica/scratch/rawfastq/steveData/africaFQ2020/1007/1_RawData/1007_PE400_R2.fq.gz
batch_1	InhouseIllumina	DPigNig00143	Library1	/maps/projects/seqafrica/scratch/rawfastq/steveData/africaFQ2020/1009/1_RawData/1009_PE400_R1.fq.gz	/maps/projects/seqafrica/scratch/rawfastq/steveData/africaFQ2020/1009/1_RawData/1009_PE400_R2.fq.gz
batch_1	InhouseIllumina	DPigNig00144	Library1	/maps/projects/seqafrica/scratch/rawfastq/steveData/africaFQ2020/1010/1_RawData/1010_PE400_R1.fq.gz	/maps/projects/seqafrica/scratch/rawfastq/steveData/africaFQ2020/1010/1_RawData/1010_PE400_R2.fq.gz
batch_1	InhouseIllumina	DPigNig00145	Library1	/maps/projects/seqafrica/scratch/rawfastq/steveData/africaFQ2020/1011/1_RawData/1011_PE400_R1.fq.gz	/maps/projects/seqafrica/scratch/rawfastq/steveData/africaFQ2020/1011/1_RawData/1011_PE400_R2.fq.gz
batch_1	InhouseIllumina	DPigNig00146	Library1	/maps/projects/seqafrica/scratch/rawfastq/steveData/africaFQ2020/895/1_RawData/895_PE400_R1.fq.gz	/maps/projects/seqafrica/scratch/rawfastq/steveData/africaFQ2020/895/1_RawData/895_PE400_R2.fq.gz
batch_1	InhouseIllumina	DPigNig00147	Library1	/maps/projects/seqafrica/scratch/rawfastq/steveData/africaFQ2020/980/1_RawData/980_PE400_R1.fq.gz	/maps/projects/seqafrica/scratch/rawfastq/steveData/africaFQ2020/980/1_RawData/980_PE400_R2.fq.gz
batch_1	InhouseIllumina	DPigNig00148	Library1	/maps/projects/seqafrica/scratch/rawfastq/steveData/africaFQ2020/981/1_RawData/981_PE400_R1.fq.gz	/maps/projects/seqafrica/scratch/rawfastq/steveData/africaFQ2020/981/1_RawData/981_PE400_R2.fq.gz
batch_1	InhouseIllumina	DPigNig00149	Library1	/maps/projects/seqafrica/scratch/rawfastq/steveData/africaFQ2020/984/1_RawData/984_PE400_R1.fq.gz	/maps/projects/seqafrica/scratch/rawfastq/steveData/africaFQ2020/984/1_RawData/984_PE400_R2.fq.gz
batch_1	InhouseIllumina	DPigNig00150	Library1	/maps/projects/seqafrica/scratch/rawfastq/steveData/africaFQ2020/988/1_RawData/988_PE400_R1.fq.gz	/maps/projects/seqafrica/scratch/rawfastq/steveData/africaFQ2020/988/1_RawData/988_PE400_R2.fq.gz
batch_1	InhouseIllumina	DWarIve00137	Library1	/maps/projects/seqafrica/scratch/rawfastq/steveData/africaFQ2020/1375/1_RawData/1375_PE400_R1.fq.gz	/maps/projects/seqafrica/scratch/rawfastq/steveData/africaFQ2020/1375/1_RawData/1375_PE400_R2.fq.gz
batch_1	InhouseIllumina	GForGui00161	Library1	/maps/projects/seqafrica/scratch/rawfastq/steveData/africaFQ2020/1937/1_RawData/1937_PE400_R1.fq.gz	/maps/projects/seqafrica/scratch/rawfastq/steveData/africaFQ2020/1937/1_RawData/1937_PE400_R2.fq.gz
batch_1	InhouseIllumina	GForUga00158	Library1	/maps/projects/seqafrica/scratch/rawfastq/steveData/africaFQ2019/University_of_Copenhagen_data/79samplse/Clean/8626/FCHLLWKDSXX_L3_wHAXPI110657-26_1.fq.gz	/maps/projects/seqafrica/scratch/rawfastq/steveData/africaFQ2019/University_of_Copenhagen_data/79samplse/Clean/8626/FCHLLWKDSXX_L3_wHAXPI110657-26_2.fq.gz
batch_1	InhouseIllumina	GForUga00159	Library1	/maps/projects/seqafrica/scratch/rawfastq/steveData/africaFQ2019/University_of_Copenhagen_data/79samplse/Clean/9126/FCHLLWKDSXX_L3_wHAXPI110624-27_1.fq.gz	/maps/projects/seqafrica/scratch/rawfastq/steveData/africaFQ2019/University_of_Copenhagen_data/79samplse/Clean/9126/FCHLLWKDSXX_L3_wHAXPI110624-27_2.fq.gz
batch_1	InhouseIllumina	GForUga00160	Library1	/maps/projects/seqafrica/scratch/rawfastq/steveData/africaFQ2019/University_of_Copenhagen_data/79samplse/Clean/9127/FCHLLWKDSXX_L3_wHAXPI110678-29_1.fq.gz	/maps/projects/seqafrica/scratch/rawfastq/steveData/africaFQ2019/University_of_Copenhagen_data/79samplse/Clean/9127/FCHLLWKDSXX_L3_wHAXPI110678-29_2.fq.gz
batch_1	InhouseIllumina	RRivCam00167	Library1	/maps/projects/seqafrica/scratch/rawfastq/steveData/africaFQ2020/1/1_RawData/1_PE400_R1.fq.gz	/maps/projects/seqafrica/scratch/rawfastq/steveData/africaFQ2020/1/1_RawData/1_PE400_R2.fq.gz
batch_1	InhouseIllumina	RRivCam00168	Library1	/maps/projects/seqafrica/scratch/rawfastq/steveData/africaFQ2020/1038/1_RawData/1038_PE400_R1.fq.gz	/maps/projects/seqafrica/scratch/rawfastq/steveData/africaFQ2020/1038/1_RawData/1038_PE400_R2.fq.gz
batch_1	InhouseIllumina	RRivCam00179	Library1	/maps/projects/seqafrica/scratch/rawfastq/steveData/africaFQ2020/173/1_RawData/173_PE400_R1.fq.gz	/maps/projects/seqafrica/scratch/rawfastq/steveData/africaFQ2020/173/1_RawData/173_PE400_R2.fq.gz
batch_1	InhouseIllumina	RRivCam00180	Library1	/maps/projects/seqafrica/scratch/rawfastq/steveData/africaFQ2020/1773/1_RawData/1773_PE400_R1.fq.gz	/maps/projects/seqafrica/scratch/rawfastq/steveData/africaFQ2020/1773/1_RawData/1773_PE400_R2.fq.gz
batch_1	InhouseIllumina	RRivCam00181	Library1	/maps/projects/seqafrica/scratch/rawfastq/steveData/africaFQ2020/22/1_RawData/22_PE400_R1.fq.gz	/maps/projects/seqafrica/scratch/rawfastq/steveData/africaFQ2020/22/1_RawData/22_PE400_R2.fq.gz
batch_1	InhouseIllumina	RRivCam00182	Library1	/maps/projects/seqafrica/scratch/rawfastq/steveData/africaFQ2020/2691/1_RawData/2691_PE400_R1.fq.gz	/maps/projects/seqafrica/scratch/rawfastq/steveData/africaFQ2020/2691/1_RawData/2691_PE400_R2.fq.gz
batch_1	InhouseIllumina	RRivDrc00183	Library1	/maps/projects/seqafrica/scratch/rawfastq/steveData/africaFQ2020/3088/1_RawData/3088_PE400_R1.fq.gz	/maps/projects/seqafrica/scratch/rawfastq/steveData/africaFQ2020/3088/1_RawData/3088_PE400_R2.fq.gz
batch_1	InhouseIllumina	RRivDrc00184	Library1	/maps/projects/seqafrica/scratch/rawfastq/steveData/africaFQ2020/3108/1_RawData/3108_PE400_R1.fq.gz	/maps/projects/seqafrica/scratch/rawfastq/steveData/africaFQ2020/3108/1_RawData/3108_PE400_R2.fq.gz
batch_1	InhouseIllumina	RRivDrc00185	Library1	/maps/projects/seqafrica/scratch/rawfastq/steveData/africaFQ2020/3129/1_RawData/3129_PE400_R1.fq.gz	/maps/projects/seqafrica/scratch/rawfastq/steveData/africaFQ2020/3129/1_RawData/3129_PE400_R2.fq.gz
batch_1	InhouseIllumina	RRivEqu00169	Library1	/maps/projects/seqafrica/scratch/rawfastq/steveData/africaFQ2020/1110/1_RawData/1110_PE400_R1.fq.gz	/maps/projects/seqafrica/scratch/rawfastq/steveData/africaFQ2020/1110/1_RawData/1110_PE400_R2.fq.gz
batch_1	InhouseIllumina	RRivEqu00170	Library1	/maps/projects/seqafrica/scratch/rawfastq/steveData/africaFQ2020/1117/1_RawData/1117_PE400_R1.fq.gz	/maps/projects/seqafrica/scratch/rawfastq/steveData/africaFQ2020/1117/1_RawData/1117_PE400_R2.fq.gz
batch_1	InhouseIllumina	RRivEqu00171	Library1	/maps/projects/seqafrica/scratch/rawfastq/steveData/africaFQ2020/1118/1_RawData/1118_PE400_R1.fq.gz	/maps/projects/seqafrica/scratch/rawfastq/steveData/africaFQ2020/1118/1_RawData/1118_PE400_R2.fq.gz
batch_1	InhouseIllumina	RRivEqu00172	Library1	/maps/projects/seqafrica/scratch/rawfastq/steveData/africaFQ2020/1125/1_RawData/1125_PE400_R1.fq.gz	/maps/projects/seqafrica/scratch/rawfastq/steveData/africaFQ2020/1125/1_RawData/1125_PE400_R2.fq.gz
batch_1	InhouseIllumina	RRivEqu00173	Library1	/maps/projects/seqafrica/scratch/rawfastq/steveData/africaFQ2020/1136/1_RawData/1136_PE400_R1.fq.gz	/maps/projects/seqafrica/scratch/rawfastq/steveData/africaFQ2020/1136/1_RawData/1136_PE400_R2.fq.gz
batch_1	InhouseIllumina	RRivEqu00174	Library1	/maps/projects/seqafrica/scratch/rawfastq/steveData/africaFQ2020/1144/1_RawData/1144_PE400_R1.fq.gz	/maps/projects/seqafrica/scratch/rawfastq/steveData/africaFQ2020/1144/1_RawData/1144_PE400_R2.fq.gz
batch_1	InhouseIllumina	RRivEqu00175	Library1	/maps/projects/seqafrica/scratch/rawfastq/steveData/africaFQ2020/1146/1_RawData/1146_PE400_R1.fq.gz	/maps/projects/seqafrica/scratch/rawfastq/steveData/africaFQ2020/1146/1_RawData/1146_PE400_R2.fq.gz
batch_1	InhouseIllumina	RRivEqu00176	Library1	/maps/projects/seqafrica/scratch/rawfastq/steveData/africaFQ2020/1164/1_RawData/1164_PE400_R1.fq.gz	/maps/projects/seqafrica/scratch/rawfastq/steveData/africaFQ2020/1164/1_RawData/1164_PE400_R2.fq.gz
batch_1	InhouseIllumina	RRivEqu00177	Library1	/maps/projects/seqafrica/scratch/rawfastq/steveData/africaFQ2020/1187/1_RawData/1187_PE400_R1.fq.gz	/maps/projects/seqafrica/scratch/rawfastq/steveData/africaFQ2020/1187/1_RawData/1187_PE400_R2.fq.gz
batch_1	InhouseIllumina	RRivGab00178	Library1	/maps/projects/seqafrica/scratch/rawfastq/steveData/africaFQ2020/1605/1_RawData/1605_PE400_R1.fq.gz	/maps/projects/seqafrica/scratch/rawfastq/steveData/africaFQ2020/1605/1_RawData/1605_PE400_R2.fq.gz
batch_1	InhouseIllumina	RRivTog00186	Library1	/maps/projects/seqafrica/scratch/rawfastq/steveData/africaFQ2020/959/1_RawData/959_PE400_R1.fq.gz	/maps/projects/seqafrica/scratch/rawfastq/steveData/africaFQ2020/959/1_RawData/959_PE400_R2.fq.gz
batch_1	NCBISamples	BBabxxx00187	Library1	/maps/projects/seqafrica/scratch/rawfastq/jbod1/genis/pigs/download/pigs/SAMEA5150766/ERR2984475/ERR2984475_1.fastq.gz	/maps/projects/seqafrica/scratch/rawfastq/jbod1/genis/pigs/download/pigs/SAMEA5150766/ERR2984475/ERR2984475_2.fastq.gz
batch_1	NCBISamples	BBeaxxx00197	Library1	/maps/projects/seqafrica/scratch/rawfastq/jbod1/genis/pigs/download/pigs/SAMEA6141238/ERR3632917/ERR3632917_1.fastq.gz	/maps/projects/seqafrica/scratch/rawfastq/jbod1/genis/pigs/download/pigs/SAMEA6141238/ERR3632917/ERR3632917_2.fastq.gz
batch_1	NCBISamples	BBeaxxx00197	Library1	/maps/projects/seqafrica/scratch/rawfastq/jbod1/genis/pigs/download/pigs/SAMEA6141238/ERR3632918/ERR3632918_1.fastq.gz	/maps/projects/seqafrica/scratch/rawfastq/jbod1/genis/pigs/download/pigs/SAMEA6141238/ERR3632918/ERR3632918_2.fastq.gz
batch_1	NCBISamples	BBeaxxx00197	Library1	/maps/projects/seqafrica/scratch/rawfastq/jbod1/genis/pigs/download/pigs/SAMEA6141238/ERR3632919/ERR3632919_1.fastq.gz	/maps/projects/seqafrica/scratch/rawfastq/jbod1/genis/pigs/download/pigs/SAMEA6141238/ERR3632919/ERR3632919_2.fastq.gz
batch_1	NCBISamples	BBeaxxx00198	Library1	/maps/projects/seqafrica/scratch/rawfastq/jbod1/genis/pigs/download/pigs/SAMEA6141239/ERR3632920/ERR3632920_1.fastq.gz	/maps/projects/seqafrica/scratch/rawfastq/jbod1/genis/pigs/download/pigs/SAMEA6141239/ERR3632920/ERR3632920_2.fastq.gz
batch_1	NCBISamples	BBeaxxx00198	Library1	/maps/projects/seqafrica/scratch/rawfastq/jbod1/genis/pigs/download/pigs/SAMEA6141239/ERR3632921/ERR3632921_1.fastq.gz	/maps/projects/seqafrica/scratch/rawfastq/jbod1/genis/pigs/download/pigs/SAMEA6141239/ERR3632921/ERR3632921_2.fastq.gz
batch_1	NCBISamples	BBeaxxx00199	Library1	/maps/projects/seqafrica/scratch/rawfastq/jbod1/genis/pigs/download/pigs/SAMEA6141240/ERR3632922/ERR3632922_1.fastq.gz	/maps/projects/seqafrica/scratch/rawfastq/jbod1/genis/pigs/download/pigs/SAMEA6141240/ERR3632922/ERR3632922_2.fastq.gz
batch_1	NCBISamples	BBeaxxx00199	Library1	/maps/projects/seqafrica/scratch/rawfastq/jbod1/genis/pigs/download/pigs/SAMEA6141240/ERR3632923/ERR3632923_1.fastq.gz	/maps/projects/seqafrica/scratch/rawfastq/jbod1/genis/pigs/download/pigs/SAMEA6141240/ERR3632923/ERR3632923_2.fastq.gz
batch_1	NCBISamples	BBeaxxx00199	Library1	/maps/projects/seqafrica/scratch/rawfastq/jbod1/genis/pigs/download/pigs/SAMEA6141240/ERR3632924/ERR3632924_1.fastq.gz	/maps/projects/seqafrica/scratch/rawfastq/jbod1/genis/pigs/download/pigs/SAMEA6141240/ERR3632924/ERR3632924_2.fastq.gz
batch_1	NCBISamples	BPigZoo00207	Library1	/maps/projects/seqafrica/scratch/rawfastq/jbod1/genis/pigs/download/pigs/SAMEA6141236/ERR3632911/ERR3632911_1.fastq.gz	/maps/projects/seqafrica/scratch/rawfastq/jbod1/genis/pigs/download/pigs/SAMEA6141236/ERR3632911/ERR3632911_2.fastq.gz
batch_1	NCBISamples	BPigZoo00207	Library1	/maps/projects/seqafrica/scratch/rawfastq/jbod1/genis/pigs/download/pigs/SAMEA6141236/ERR3632912/ERR3632912_1.fastq.gz	/maps/projects/seqafrica/scratch/rawfastq/jbod1/genis/pigs/download/pigs/SAMEA6141236/ERR3632912/ERR3632912_2.fastq.gz
batch_1	NCBISamples	BPigZoo00207	Library1	/maps/projects/seqafrica/scratch/rawfastq/jbod1/genis/pigs/download/pigs/SAMEA6141236/ERR3632913/ERR3632913_1.fastq.gz	/maps/projects/seqafrica/scratch/rawfastq/jbod1/genis/pigs/download/pigs/SAMEA6141236/ERR3632913/ERR3632913_2.fastq.gz
batch_1	NCBISamples	CWarZoo00205	Library1	/maps/projects/seqafrica/scratch/rawfastq/jbod1/genis/pigs/download/pigs/SAMEA1557418/ERR173203/ERR173203.fastq.gz	.
batch_1	NCBISamples	CWarZoo00205	Library1	/maps/projects/seqafrica/scratch/rawfastq/jbod1/genis/pigs/download/pigs/SAMEA1557418/ERR173203/ERR173203_1.fastq.gz	/maps/projects/seqafrica/scratch/rawfastq/jbod1/genis/pigs/download/pigs/SAMEA1557418/ERR173203/ERR173203_2.fastq.gz
batch_1	NCBISamples	CWarxxx00201	Library1	/maps/projects/seqafrica/scratch/rawfastq/jbod1/genis/pigs/download/pigs/SAMEA6141244/ERR3632944/ERR3632944_1.fastq.gz	/maps/projects/seqafrica/scratch/rawfastq/jbod1/genis/pigs/download/pigs/SAMEA6141244/ERR3632944/ERR3632944_2.fastq.gz
batch_1	NCBISamples	CWarxxx00201	Library1	/maps/projects/seqafrica/scratch/rawfastq/jbod1/genis/pigs/download/pigs/SAMEA6141244/ERR3632945/ERR3632945_1.fastq.gz	/maps/projects/seqafrica/scratch/rawfastq/jbod1/genis/pigs/download/pigs/SAMEA6141244/ERR3632945/ERR3632945_2.fastq.gz
batch_1	NCBISamples	CWarxxx00201	Library1	/maps/projects/seqafrica/scratch/rawfastq/jbod1/genis/pigs/download/pigs/SAMEA6141244/ERR3632946/ERR3632946_1.fastq.gz	/maps/projects/seqafrica/scratch/rawfastq/jbod1/genis/pigs/download/pigs/SAMEA6141244/ERR3632946/ERR3632946_2.fastq.gz
batch_1	NCBISamples	CWarxxx00202	Library1	/maps/projects/seqafrica/scratch/rawfastq/jbod1/genis/pigs/download/pigs/SAMEA1557393/ERR173210/ERR173210.fastq.gz	.
batch_1	NCBISamples	CWarxxx00202	Library1	/maps/projects/seqafrica/scratch/rawfastq/jbod1/genis/pigs/download/pigs/SAMEA1557393/ERR173210/ERR173210_1.fastq.gz	/maps/projects/seqafrica/scratch/rawfastq/jbod1/genis/pigs/download/pigs/SAMEA1557393/ERR173210/ERR173210_2.fastq.gz
batch_1	NCBISamples	CWarxxx00206	Library1	/maps/projects/seqafrica/scratch/rawfastq/jbod1/genis/pigs/download/pigs/SAMEA6141235/ERR3632906/ERR3632906_1.fastq.gz	/maps/projects/seqafrica/scratch/rawfastq/jbod1/genis/pigs/download/pigs/SAMEA6141235/ERR3632906/ERR3632906_2.fastq.gz
batch_1	NCBISamples	CWarxxx00206	Library1	/maps/projects/seqafrica/scratch/rawfastq/jbod1/genis/pigs/download/pigs/SAMEA6141235/ERR3632907/ERR3632907_1.fastq.gz	/maps/projects/seqafrica/scratch/rawfastq/jbod1/genis/pigs/download/pigs/SAMEA6141235/ERR3632907/ERR3632907_2.fastq.gz
batch_1	NCBISamples	CWarxxx00206	Library1	/maps/projects/seqafrica/scratch/rawfastq/jbod1/genis/pigs/download/pigs/SAMEA6141235/ERR3632908/ERR3632908_1.fastq.gz	/maps/projects/seqafrica/scratch/rawfastq/jbod1/genis/pigs/download/pigs/SAMEA6141235/ERR3632908/ERR3632908_2.fastq.gz
batch_1	NCBISamples	CWarxxx00206	Library1	/maps/projects/seqafrica/scratch/rawfastq/jbod1/genis/pigs/download/pigs/SAMEA6141235/ERR3632909/ERR3632909_1.fastq.gz	/maps/projects/seqafrica/scratch/rawfastq/jbod1/genis/pigs/download/pigs/SAMEA6141235/ERR3632909/ERR3632909_2.fastq.gz
batch_1	NCBISamples	CWarxxx00206	Library1	/maps/projects/seqafrica/scratch/rawfastq/jbod1/genis/pigs/download/pigs/SAMEA6141235/ERR3632910/ERR3632910_1.fastq.gz	/maps/projects/seqafrica/scratch/rawfastq/jbod1/genis/pigs/download/pigs/SAMEA6141235/ERR3632910/ERR3632910_2.fastq.gz
batch_1	NCBISamples	JWarxxx00203	Library1	/maps/projects/seqafrica/scratch/rawfastq/jbod1/genis/pigs/download/pigs/SAMEA6141245/ERR3632947/ERR3632947_1.fastq.gz	/maps/projects/seqafrica/scratch/rawfastq/jbod1/genis/pigs/download/pigs/SAMEA6141245/ERR3632947/ERR3632947_2.fastq.gz
batch_1	NCBISamples	JWarxxx00203	Library1	/maps/projects/seqafrica/scratch/rawfastq/jbod1/genis/pigs/download/pigs/SAMEA6141245/ERR3632948/ERR3632948_1.fastq.gz	/maps/projects/seqafrica/scratch/rawfastq/jbod1/genis/pigs/download/pigs/SAMEA6141245/ERR3632948/ERR3632948_2.fastq.gz
batch_1	NCBISamples	JWarxxx00203	Library1	/maps/projects/seqafrica/scratch/rawfastq/jbod1/genis/pigs/download/pigs/SAMEA6141245/ERR3632949/ERR3632949_1.fastq.gz	/maps/projects/seqafrica/scratch/rawfastq/jbod1/genis/pigs/download/pigs/SAMEA6141245/ERR3632949/ERR3632949_2.fastq.gz
batch_1	NCBISamples	PHogxxx00189	Library1	/maps/projects/seqafrica/scratch/rawfastq/jbod1/genis/pigs/download/pigs/SAMEA5151077/ERR2984767/ERR2984767_1.fastq.gz	/maps/projects/seqafrica/scratch/rawfastq/jbod1/genis/pigs/download/pigs/SAMEA5151077/ERR2984767/ERR2984767_2.fastq.gz
batch_1	NCBISamples	RRivZoo00208	Library1	/maps/projects/seqafrica/scratch/rawfastq/jbod1/genis/pigs/download/pigs/SAMEA6141237/ERR3632914/ERR3632914_1.fastq.gz	/maps/projects/seqafrica/scratch/rawfastq/jbod1/genis/pigs/download/pigs/SAMEA6141237/ERR3632914/ERR3632914_2.fastq.gz
batch_1	NCBISamples	RRivZoo00208	Library1	/maps/projects/seqafrica/scratch/rawfastq/jbod1/genis/pigs/download/pigs/SAMEA6141237/ERR3632915/ERR3632915_1.fastq.gz	/maps/projects/seqafrica/scratch/rawfastq/jbod1/genis/pigs/download/pigs/SAMEA6141237/ERR3632915/ERR3632915_2.fastq.gz
batch_1	NCBISamples	RRivZoo00208	Library1	/maps/projects/seqafrica/scratch/rawfastq/jbod1/genis/pigs/download/pigs/SAMEA6141237/ERR3632916/ERR3632916_1.fastq.gz	/maps/projects/seqafrica/scratch/rawfastq/jbod1/genis/pigs/download/pigs/SAMEA6141237/ERR3632916/ERR3632916_2.fastq.gz
batch_1	NCBISamples	VWarxxx00194	Library1	/maps/projects/seqafrica/scratch/rawfastq/jbod1/genis/pigs/download/pigs/SAMEA3375684/ERR874001/ERR874001_1.fastq.gz	/maps/projects/seqafrica/scratch/rawfastq/jbod1/genis/pigs/download/pigs/SAMEA3375684/ERR874001/ERR874001_2.fastq.gz
batch_1	NCBISamples	VWarxxx00194	Library1	/maps/projects/seqafrica/scratch/rawfastq/jbod1/genis/pigs/download/pigs/SAMEA3375684/ERR874002/ERR874002_1.fastq.gz	/maps/projects/seqafrica/scratch/rawfastq/jbod1/genis/pigs/download/pigs/SAMEA3375684/ERR874002/ERR874002_2.fastq.gz
batch_1	NCBISamples	VWarxxx00194	Library1	/maps/projects/seqafrica/scratch/rawfastq/jbod1/genis/pigs/download/pigs/SAMEA3375684/ERR874003/ERR874003_1.fastq.gz	/maps/projects/seqafrica/scratch/rawfastq/jbod1/genis/pigs/download/pigs/SAMEA3375684/ERR874003/ERR874003_2.fastq.gz
batch_1	NCBISamples	VWarxxx00194	Library1	/maps/projects/seqafrica/scratch/rawfastq/jbod1/genis/pigs/download/pigs/SAMEA3375684/ERR874004/ERR874004_1.fastq.gz	/maps/projects/seqafrica/scratch/rawfastq/jbod1/genis/pigs/download/pigs/SAMEA3375684/ERR874004/ERR874004_2.fastq.gz
batch_1	NCBISamples	VWarxxx00194	Library1	/maps/projects/seqafrica/scratch/rawfastq/jbod1/genis/pigs/download/pigs/SAMEA3375684/ERR874005/ERR874005_1.fastq.gz	/maps/projects/seqafrica/scratch/rawfastq/jbod1/genis/pigs/download/pigs/SAMEA3375684/ERR874005/ERR874005_2.fastq.gz
batch_1	NCBISamples	VWarxxx00194	Library1	/maps/projects/seqafrica/scratch/rawfastq/jbod1/genis/pigs/download/pigs/SAMEA3375684/ERR874006/ERR874006_1.fastq.gz	/maps/projects/seqafrica/scratch/rawfastq/jbod1/genis/pigs/download/pigs/SAMEA3375684/ERR874006/ERR874006_2.fastq.gz
batch_1	NCBISamples	VWarxxx00195	Library1	/maps/projects/seqafrica/scratch/rawfastq/jbod1/genis/pigs/download/pigs/SAMEA3375685/ERR874007/ERR874007_1.fastq.gz	/maps/projects/seqafrica/scratch/rawfastq/jbod1/genis/pigs/download/pigs/SAMEA3375685/ERR874007/ERR874007_2.fastq.gz
batch_1	NCBISamples	VWarxxx00195	Library1	/maps/projects/seqafrica/scratch/rawfastq/jbod1/genis/pigs/download/pigs/SAMEA3375685/ERR874008/ERR874008_1.fastq.gz	/maps/projects/seqafrica/scratch/rawfastq/jbod1/genis/pigs/download/pigs/SAMEA3375685/ERR874008/ERR874008_2.fastq.gz
batch_1	NCBISamples	VWarxxx00196	Library1	/maps/projects/seqafrica/scratch/rawfastq/jbod1/genis/pigs/download/pigs/SAMEA3375686/ERR874009/ERR874009_1.fastq.gz	/maps/projects/seqafrica/scratch/rawfastq/jbod1/genis/pigs/download/pigs/SAMEA3375686/ERR874009/ERR874009_2.fastq.gz
batch_1	NCBISamples	VWarxxx00196	Library1	/maps/projects/seqafrica/scratch/rawfastq/jbod1/genis/pigs/download/pigs/SAMEA3375686/ERR874010/ERR874010_1.fastq.gz	/maps/projects/seqafrica/scratch/rawfastq/jbod1/genis/pigs/download/pigs/SAMEA3375686/ERR874010/ERR874010_2.fastq.gz
batch_1	NCBISamples	VWarxxx00196	Library1	/maps/projects/seqafrica/scratch/rawfastq/jbod1/genis/pigs/download/pigs/SAMEA3375686/ERR874011/ERR874011_1.fastq.gz	/maps/projects/seqafrica/scratch/rawfastq/jbod1/genis/pigs/download/pigs/SAMEA3375686/ERR874011/ERR874011_2.fastq.gz
batch_1	NCBISamples	VWarxxx00196	Library1	/maps/projects/seqafrica/scratch/rawfastq/jbod1/genis/pigs/download/pigs/SAMEA3375686/ERR874012/ERR874012_1.fastq.gz	/maps/projects/seqafrica/scratch/rawfastq/jbod1/genis/pigs/download/pigs/SAMEA3375686/ERR874012/ERR874012_2.fastq.gz
batch_1	NCBISamples	VWarxxx00196	Library1	/maps/projects/seqafrica/scratch/rawfastq/jbod1/genis/pigs/download/pigs/SAMEA3375686/ERR874013/ERR874013_1.fastq.gz	/maps/projects/seqafrica/scratch/rawfastq/jbod1/genis/pigs/download/pigs/SAMEA3375686/ERR874013/ERR874013_2.fastq.gz
batch_1	NCBISamples	VWarxxx00196	Library1	/maps/projects/seqafrica/scratch/rawfastq/jbod1/genis/pigs/download/pigs/SAMEA3375686/ERR874014/ERR874014_1.fastq.gz	/maps/projects/seqafrica/scratch/rawfastq/jbod1/genis/pigs/download/pigs/SAMEA3375686/ERR874014/ERR874014_2.fastq.gz
batch_1	NCBISamples	VWarxxx00196	Library1	/maps/projects/seqafrica/scratch/rawfastq/jbod1/genis/pigs/download/pigs/SAMEA3375686/ERR874015/ERR874015_1.fastq.gz	/maps/projects/seqafrica/scratch/rawfastq/jbod1/genis/pigs/download/pigs/SAMEA3375686/ERR874015/ERR874015_2.fastq.gz
batch_1	NCBISamples	VWarxxx00196	Library1	/maps/projects/seqafrica/scratch/rawfastq/jbod1/genis/pigs/download/pigs/SAMEA3375686/ERR874016/ERR874016_1.fastq.gz	/maps/projects/seqafrica/scratch/rawfastq/jbod1/genis/pigs/download/pigs/SAMEA3375686/ERR874016/ERR874016_2.fastq.gz
batch_1	NCBISamples	WBoaxxx00191	Library1	/maps/projects/seqafrica/scratch/rawfastq/jbod1/genis/pigs/download/pigs/SAMEA6141247/ERR3632969/ERR3632969_1.fastq.gz	/maps/projects/seqafrica/scratch/rawfastq/jbod1/genis/pigs/download/pigs/SAMEA6141247/ERR3632969/ERR3632969_2.fastq.gz
batch_1	NCBISamples	WBoaxxx00191	Library1	/maps/projects/seqafrica/scratch/rawfastq/jbod1/genis/pigs/download/pigs/SAMEA6141247/ERR3632970/ERR3632970_1.fastq.gz	/maps/projects/seqafrica/scratch/rawfastq/jbod1/genis/pigs/download/pigs/SAMEA6141247/ERR3632970/ERR3632970_2.fastq.gz
batch_1	NCBISamples	WBoaxxx00192	Library1	/maps/projects/seqafrica/scratch/rawfastq/jbod1/genis/pigs/download/pigs/SAMEA6141248/ERR3632971/ERR3632971_1.fastq.gz	/maps/projects/seqafrica/scratch/rawfastq/jbod1/genis/pigs/download/pigs/SAMEA6141248/ERR3632971/ERR3632971_2.fastq.gz
batch_1	NCBISamples	WBoaxxx00192	Library1	/maps/projects/seqafrica/scratch/rawfastq/jbod1/genis/pigs/download/pigs/SAMEA6141248/ERR3632972/ERR3632972_1.fastq.gz	/maps/projects/seqafrica/scratch/rawfastq/jbod1/genis/pigs/download/pigs/SAMEA6141248/ERR3632972/ERR3632972_2.fastq.gz
